-0.6979098,1.1324574,9.111135
-0.6979098,1.1324574,9.111135
-0.6979098,1.1324574,9.111135
-0.6979098,1.1324574,9.111135
-0.6979098,1.1324574,9.111135
-0.6979098,1.1324574,9.111135
-0.6979098,1.1324574,9.111135
-0.6979098,1.1324574,9.111135
-0.6979098,1.1324574,9.111135
-0.6979098,1.1324574,9.111135
-0.7026982,1.1025299,9.369708
-0.6596026,1.1097125,9.605537
-0.557849,1.1468226,9.840169
-0.3842694,1.2270284,10.058042
-0.20350714,1.2737153,10.105926
-0.025139118,1.3108255,10.079589
0.16759412,1.3623008,10.068815
0.4297592,1.4580688,9.935937
0.7086837,1.5885528,9.799467
0.93373865,1.7489643,9.603143
1.1420342,2.0111294,9.454702
1.2892777,2.2397757,9.068039
1.2689269,2.328361,8.736442
1.1468226,2.4145525,8.573636
0.93613285,2.4756045,8.413225
0.6739678,2.4552538,8.297106
0.35314476,2.3810337,8.307879
-0.034715924,2.2421699,8.329428
-0.34835634,2.098518,8.307879
-0.6368576,1.9644425,8.310274
-0.8319851,1.8950106,8.301894
-0.9864111,1.8411411,8.317456
-1.0402806,1.8483237,8.528147
-0.94570965,1.9512744,8.626308
-0.8343793,2.0087352,8.471883
-0.81283146,1.982399,8.356961
-0.79607207,2.007538,8.196549
-0.79128367,2.0494366,7.9463553
-0.80804306,2.1404164,7.799112
-0.7769185,2.231396,7.6710224
-0.7158663,2.3127987,7.6111674
-0.58777654,2.4516625,7.577648
-0.40342298,2.6024973,7.5668745
-0.15682021,2.8323407,7.639898
0.107739076,3.0442274,7.881712
0.3878607,3.240552,8.342596
0.6823475,3.3722332,8.851364
0.8870517,3.4249055,9.32781
0.93972415,3.4045548,9.613917
0.92775315,3.3482912,9.726444
0.82121116,3.2992098,9.621099
0.61770403,3.2261868,9.396045
0.34356794,3.2190042,9.085996
0.10175357,3.1866825,8.793902
-0.12569559,3.169923,8.653842
-0.2681506,3.1747115,8.671799
-0.32800564,3.1794999,8.768764
-0.37708676,3.1615434,8.963891
-0.4249708,3.1364043,9.26556
-0.47165772,3.040636,9.636662
-0.51714754,2.906561,9.956287
-0.5662287,2.7712884,10.183737
0.098004326,-0.16724652,-0.3568636
-0.5805939,2.6408045,10.309433
0.1470065,-0.18109496,-0.32597092
-0.63206923,2.5821466,10.376471
0.19920446,-0.18961707,-0.28549087
-0.6667852,2.5689783,10.359711
0.25033715,-0.19600865,-0.2396845
-0.6739678,2.5953147,10.33936
0.29507825,-0.19813919,-0.19281286
-0.6775591,2.6839,10.2735195
0.3323625,-0.19387813,-0.14061491
-0.6428431,2.779668,10.155006
0.36218992,-0.18642128,-0.09161274
-0.60693014,2.9137435,10.014946
0.3834952,-0.1736381,-0.046871636
-0.521936,3.0131028,9.8042555
0.39840892,-0.15978967,-0.007456851
-0.4261679,3.1280246,9.655815
0.40266997,-0.1470065,0.025566347
-0.30645782,3.240552,9.540894
0.39840892,-0.13954964,0.049002163
-0.1592144,3.3734303,9.53012
0.386691,-0.13315806,0.0628506
-0.009576807,3.4727895,9.625888
0.36964676,-0.12250541,0.0628506
0.18195933,3.560178,9.810242
0.34940675,-0.096939065,0.05006743
0.38067806,3.6140475,9.91439
0.3270362,-0.058589544,0.02876214
0.50517654,3.6236243,9.974244
0.3057309,-0.014913702,0.002130529
0.5279215,3.5745432,9.941922
0.28016454,0.027696876,-0.024501082
0.49081135,3.478775,9.888053
0.24927188,0.060720075,-0.05219796
0.415394,3.3650506,9.866506
0.21198763,0.08522116,-0.07669904
0.25857377,3.2381577,9.885659
0.16937704,0.101200126,-0.09374327
0.094570965,3.1268275,9.987412
0.12996227,0.10226539,-0.10333065
-0.034715924,3.0490158,10.198102
0.098004326,0.09374327,-0.10546118
-0.1388637,2.9951463,10.478224
0.0777643,0.0777643,-0.099069595
-0.22026655,2.9460652,10.759542
0.070307456,0.06391586,-0.09054748
-0.2801216,2.9520507,11.073183
0.07563378,0.060720075,-0.0777643
-0.2873042,2.9712043,11.304223
0.094808534,0.06924219,-0.06498113
-0.2717419,2.96881,11.425131
0.128897,0.08841695,-0.054328486
-0.30765492,2.9221232,11.426328
0.165116,0.1107875,-0.04261058
-0.33279404,2.8898015,11.310209
0.20453078,0.13422333,-0.03089267
-0.33279404,2.8898015,11.310209
0.20453078,0.13422333,-0.03089267
-0.36870706,2.895787,11.1414175
0.24074976,0.15765914,-0.022370555
-0.39743748,2.930503,10.900801
0.27164245,0.18216023,-0.013848438
-0.46567222,2.9963434,10.573992
0.2908172,0.20133498,-0.004261058
-0.533907,3.071761,10.163386
0.29933932,0.21198763,0.002130529
-0.581791,3.1196449,9.736021
0.28868666,0.21198763,0.004261058
-0.6464345,3.2022448,9.385271
0.25885928,0.19281286,0
-0.6715736,3.2441432,9.074024
0.2130529,0.16085494,-0.008522116
-0.6440403,3.2668881,8.9519205
0.15339808,0.12250541,-0.02130529
-0.5793968,3.2824504,8.948329
0.082025364,0.08522116,-0.041545313
-0.51714754,3.217807,9.035717
0.004261058,0.0479369,-0.06711166
-0.427365,3.0753522,9.168595
-0.07350325,0.011717909,-0.0958738
-0.30526072,2.8778305,9.424775
-0.14807177,-0.02876214,-0.12676647
-0.21068975,2.6743233,9.67018
-0.2130529,-0.06924219,-0.15765914
-0.1316811,2.4289176,9.989806
-0.2695119,-0.1107875,-0.19068234
-0.1316811,2.4289176,9.989806
-0.2695119,-0.1107875,-0.19068234
-0.1388637,2.1811178,10.3226
-0.3174488,-0.14913702,-0.22370553
-0.22505496,1.9129672,10.708067
-0.35153726,-0.1736381,-0.24820662
-0.35913026,1.6807296,11.104307
-0.3717773,-0.18961707,-0.26631612
-0.5422867,1.4640543,11.520899
-0.37284255,-0.1917476,-0.27377295
-0.6967127,1.2880806,11.941081
-0.35153726,-0.1768339,-0.26631612
-0.8726865,1.1695676,12.2798605
-0.30679616,-0.15020229,-0.24607609
-1.0079589,1.0654198,12.429498
-0.23755397,-0.10652645,-0.21411815
-1.1815386,0.9816227,12.411542
-0.15020229,-0.051132694,-0.17150758
-1.2725182,0.94930094,12.154165
-0.051132694,0.003195793,-0.12250541
-1.2988545,0.9564836,11.791444
0.053263225,0.0479369,-0.07243799
-1.2749124,1.033098,11.270704
0.15126756,0.07669904,-0.024501082
-1.2126632,1.1336545,10.670957
0.23435818,0.08841695,0.013848438
-1.1145009,1.2282255,10.077195
0.30253512,0.08628642,0.03834952
-1.0175357,1.328782,9.496601
0.34834146,0.07456851,0.05219796
-1.0175357,1.328782,9.496601
0.34834146,0.07456851,0.05219796
-0.94690675,1.4413095,8.956709
0.36751625,0.051132694,0.056459017
-0.94331545,1.5346833,8.48146
0.36325517,0.022370555,0.051132694
-0.93493575,1.602918,8.129512
0.33449304,-0.010652645,0.041545313
-0.9983821,1.6591818,7.928399
0.28655612,-0.03834952,0.02876214
-1.0606314,1.7010803,7.880515
0.23009712,-0.066046394,0.015978966
-1.0881647,1.7202339,7.8829093
0.16831179,-0.08522116,0.004261058
-1.1204864,1.7250223,7.9667063
0.10865697,-0.096939065,-0.005326322
-1.1192893,1.7082629,8.032547
0.054328486,-0.10439592,-0.011717909
-1.1791444,1.661576,8.121132
0.005326322,-0.111852765,-0.015978966
-1.258153,1.6065093,8.166622
-0.03834952,-0.12037488,-0.015978966
-1.3084313,1.5286977,8.27077
-0.07563378,-0.12463594,-0.00958738
-1.3084313,1.5286977,8.27077
-0.07563378,-0.12463594,-0.00958738
-1.3910311,1.3934253,8.504205
-0.13422333,-0.13635385,0.023435818
-1.3826514,1.3802572,8.671799
-0.15126756,-0.13848437,0.051132694
-1.3120226,1.3611037,8.831013
-0.16192019,-0.13741912,0.080960095
-1.2078748,1.3575124,8.957906
-0.16192019,-0.13209279,0.111852765
-1.0833763,1.3682863,9.100361
-0.15659387,-0.11824436,0.14061491
-0.94331545,1.3862427,9.194932
-0.14487597,-0.10013486,0.16724652
-0.79726917,1.4281414,9.26197
-0.1257012,-0.080960095,0.18855181
-0.6344634,1.4820108,9.285912
-0.10226539,-0.06178534,0.20453078
-0.6344634,1.4820108,9.285912
-0.10226539,-0.06178534,0.20453078
-0.50637364,1.5155296,9.198523
-0.07350325,-0.04580637,0.2130529
-0.39384618,1.5562311,9.040505
-0.043675844,-0.034088463,0.21624869
-0.33399114,1.5897499,8.930372
-0.018109497,-0.027696876,0.21198763
-0.35194764,1.6376339,8.779537
0.001065265,-0.023435818,0.2034655
-0.4357447,1.6843209,8.688558
0.015978966,-0.023435818,0.19600865
-0.5386954,1.7046716,8.549694
0.027696876,-0.025566347,0.1917476
-0.61291564,1.7238252,8.470686
0.03834952,-0.03089267,0.19281286
-0.676362,1.7322049,8.426393
0.046871636,-0.041545313,0.1949434
-0.676362,1.7322049,8.426393
0.046871636,-0.041545313,0.1949434
-0.736217,1.7369933,8.334216
0.066046394,-0.056459017,0.21731395
-0.6392518,1.7896658,8.062474
0.08841695,-0.060720075,0.24501082
-0.59136784,1.8614918,7.893683
0.09267801,-0.06711166,0.25566345
-0.51954174,1.9524715,7.7560163
0.09374327,-0.07137272,0.26312032
-0.46567222,2.0326772,7.691373
0.08841695,-0.07669904,0.26631612
-0.4201824,2.1152773,7.643489
0.07989483,-0.08628642,0.26844665
-0.35913026,2.1667526,7.6602483
0.068176925,-0.094808534,0.26631612
-0.30645782,2.207454,7.6853876
0.05752428,-0.10013486,0.26205507
-0.23942018,2.2385786,7.728483
0.05006743,-0.10546118,0.257794
-0.17597382,2.2936451,7.823054
0.039414786,-0.111852765,0.24927188
-0.110133275,2.349909,7.9236107
0.03195793,-0.113983296,0.23648871
-0.092176765,2.3594859,8.050503
0.025566347,-0.10865697,0.22050974
-0.092176765,2.3594859,8.050503
0.025566347,-0.10865697,0.22050974
-0.12330139,2.373851,8.286332
0.010652645,-0.09374327,0.1917476
-0.15083471,2.3558946,8.37372
0.006391587,-0.084155895,0.18429075
-0.12808979,2.3523033,8.443152
0.004261058,-0.07456851,0.18002969
-0.1328782,2.349909,8.513782
0.006391587,-0.066046394,0.17789917
-0.15801731,2.3654714,8.535329
0.008522116,-0.058589544,0.17470337
-0.15801731,2.4708161,8.631097
0.011717909,-0.05539375,0.1736381
-0.15801731,2.4708161,8.631097
0.013848438,-0.05539375,0.17044231
-0.11851298,2.5198972,8.690952
0.017044231,-0.05752428,0.16618125
-0.08738836,2.5594015,8.676587
0.022370555,-0.05965481,0.15978967
-0.049081136,2.6886885,8.65025
0.03195793,-0.06178534,0.14487597
-0.010773907,2.7257986,8.67539
0.035153728,-0.066046394,0.13528858
-0.035913024,2.7461493,8.716091
0.03834952,-0.07243799,0.12463594
-0.06703765,2.8072014,8.754398
0.04261058,-0.07989483,0.112918034
-0.12210429,2.8335378,8.765172
0.049002163,-0.08735169,0.101200126
-0.17477672,2.919729,8.750807
0.05539375,-0.0958738,0.09054748
-0.16639702,2.956839,8.7951
0.06498113,-0.10652645,0.07882957
-0.16280572,2.991555,8.911219
0.07350325,-0.11717909,0.070307456
-0.12808979,3.0083144,8.917204
0.084155895,-0.12996227,0.0628506
-0.11492168,3.0178912,8.887277
0.0958738,-0.13848437,0.054328486
-0.11731588,3.0322564,8.868123
0.10546118,-0.1438107,0.043675844
-0.051475335,3.0561984,8.895657
0.1107875,-0.1470065,0.034088463
-0.033518825,3.0921116,8.911219
0.10972224,-0.14913702,0.023435818
-0.010773907,3.0789435,8.950723
0.10546118,-0.15233281,0.010652645
0.025139118,3.0681696,9.054871
0.096939065,-0.15978967,-0.002130529
0.06584055,3.095703,9.214086
0.08522116,-0.17044231,-0.017044231
0.090979666,3.052607,9.374496
0.07243799,-0.17896444,-0.034088463
0.07182605,3.0250738,9.554062
0.05965481,-0.19068234,-0.051132694
0.047884032,2.9520507,9.716867
0.0479369,-0.20240025,-0.07137272
0.047884032,2.9520507,9.716867
0.0479369,-0.20240025,-0.07137272
0.04189853,2.834735,9.849746
0.03834952,-0.21198763,-0.0958738
0.01436521,2.72939,9.89763
0.027696876,-0.21944448,-0.11717909
-0.038307227,2.6204538,9.992201
0.018109497,-0.22796659,-0.13315806
-0.055066638,2.5019407,10.127473
0.007456851,-0.23648871,-0.1470065
-0.062249243,2.408567,10.281899
-0.004261058,-0.24394555,-0.15659387
-0.049081136,2.3080103,10.522516
-0.02130529,-0.24714136,-0.15978967
-0.044292733,2.2421699,10.767922
-0.036218993,-0.2428803,-0.15765914
-0.02633622,2.207454,10.94629
-0.0479369,-0.22690132,-0.15020229
-0.005985504,2.2242134,11.076775
-0.054328486,-0.20026971,-0.13954964
-0.01436521,2.2541409,11.142614
-0.056459017,-0.15978967,-0.12250541
-0.01436521,2.2541409,11.142614
-0.056459017,-0.15978967,-0.12250541
0.020350715,2.303222,11.125855
-0.051132694,-0.11611383,-0.10865697
0.046686932,2.3666685,11.032481
-0.04474111,-0.06498113,-0.094808534
0.093373865,2.4672248,10.845734
-0.034088463,0.029827405,-0.07456851
0.107739076,2.5677812,10.623073
-0.034088463,0.029827405,-0.07456851
0.14724341,2.6408045,10.382456
-0.029827405,0.06178534,-0.07137272
0.17836803,2.7006595,10.101137
-0.04261058,0.070307456,-0.07882957
0.20350714,2.742558,9.877279
-0.06178534,0.05965481,-0.09054748
0.23343466,2.7521348,9.700109
-0.09054748,0.03834952,-0.10333065
0.29688102,2.7569232,9.630676
-0.12676647,0.014913702,-0.11611383
0.39025488,2.7497406,9.634268
-0.17257284,-0.00958738,-0.12996227
0.59735334,2.6527755,9.91439
-0.26312032,-0.039414786,-0.16192019
0.59735334,2.6527755,9.91439
-0.26312032,-0.039414786,-0.16192019
0.6488287,2.5366566,10.056845
-0.30146983,-0.043675844,-0.17789917
0.6823475,2.3750482,10.263943
-0.33449304,-0.04261058,-0.19387813
0.6607997,2.1990743,10.451887
-0.36218992,-0.033023197,-0.2034655
0.59495914,2.054225,10.662578
-0.37710363,-0.018109497,-0.20879184
0.5638345,1.899799,10.86369
-0.38029942,0.003195793,-0.20240025
0.5470751,1.8136078,10.998962
-0.36964676,0.02876214,-0.18961707
0.5650316,1.7501614,11.073183
-0.3472762,0.05965481,-0.17257284
0.60214174,1.7226281,11.020511
-0.31318775,0.08841695,-0.15020229
0.62847793,1.7154455,10.900801
-0.27164245,0.111852765,-0.13209279
0.6703765,1.7393875,10.70687
-0.2247708,0.12996227,-0.11504856
0.7314286,1.7860745,10.518925
-0.18002969,0.14168017,-0.101200126
0.7505822,1.8567034,10.352529
-0.13635385,0.14594123,-0.09374327
0.80325466,1.9800048,10.19451
-0.09267801,0.15233281,-0.09054748
0.82001406,2.1176715,9.91439
-0.051132694,0.15765914,-0.09267801
0.89902276,2.2601264,9.578004
-0.012783174,0.16405073,-0.101200126
0.9792285,2.421735,9.175778
0.015978966,0.165116,-0.11824436
1.1109096,2.5462334,8.7053175
0.03089267,0.15659387,-0.1470065
1.186327,2.6156654,8.248025
0.027696876,0.13102753,-0.18961707
1.1659763,2.6491842,7.8170686
0.004261058,0.09374327,-0.24714136
1.0666169,2.6192567,7.53575
-0.043675844,0.046871636,-0.314253
0.93014735,2.5510218,7.398083
-0.10652645,-0.005326322,-0.38136467
0.7673417,2.432509,7.4507556
-0.18002969,-0.06498113,-0.44208476
0.58298814,2.2852654,7.656657
-0.25672874,-0.12250541,-0.49428272
0.3878607,2.0949266,7.9954367
-0.3334278,-0.16724652,-0.531567
0.19752164,1.8423382,8.414422
-0.40053943,-0.19920446,-0.55606806
0.019153614,1.5885528,8.807071
-0.45699844,-0.21411815,-0.567786
-0.1340753,1.3491327,9.247604
-0.49641323,-0.22370553,-0.56459016
-0.2657564,1.1695676,9.630676
-0.51984906,-0.22370553,-0.5496765
-0.33159694,0.9923966,9.923966
-0.52837116,-0.2130529,-0.52411014
-0.3842694,0.8714894,10.214862
-0.5219796,-0.18855181,-0.48682585
-0.40102878,0.7769185,10.377667
-0.50173956,-0.14913702,-0.44208476
-0.41180268,0.7038953,10.483012
-0.47191215,-0.10439592,-0.3898868
-0.46088383,0.59017074,10.424355
-0.43356264,-0.058589544,-0.3334278
-0.47405192,0.521936,10.357317
-0.38242993,-0.036218993,-0.25885928
-0.2908955,0.7146692,10.388441
-0.3206446,-0.026631612,-0.17789917
-0.02633622,0.93373865,10.113108
-0.27164245,0.023435818,-0.12037488
0.22026655,1.0773908,9.639056
-0.24501082,0.09267801,-0.09054748
0.36032736,1.1887212,9.15423
-0.22903186,0.13848437,-0.07243799
0.49320555,1.3934253,8.820239
-0.22583607,0.15659387,-0.06178534
0.5674258,1.6567876,8.566454
-0.23648871,0.15765914,-0.0628506
0.5710171,1.875857,8.428787
-0.26418558,0.15659387,-0.07563378
0.46088383,1.9668367,8.321048
-0.30146983,0.16298546,-0.099069595
0.30286652,1.970428,8.287529
-0.34088463,0.17044231,-0.12250541
0.16280572,1.9357121,8.346188
-0.3749731,0.1736381,-0.14274544
0.034715924,1.9189527,8.508993
-0.39947417,0.1736381,-0.16085494
-0.10295067,1.8567034,8.6299
-0.41225734,0.16618125,-0.1768339
-0.24899697,1.7992426,8.768764
-0.40906155,0.15339808,-0.18642128
-0.35673606,1.7429788,8.890868
-0.3920173,0.13528858,-0.18961707
-0.439336,1.7286136,8.987833
-0.36432046,0.11717909,-0.18642128
-0.50397944,1.7058687,9.032125
-0.33129725,0.096939065,-0.18429075
-0.5303157,1.7142484,9.16261
-0.29507825,0.07989483,-0.17789917
-0.49919105,1.70946,9.246407
-0.25672874,0.06924219,-0.17150758
-0.51116204,1.7106571,9.240421
-0.21518342,0.06711166,-0.16085494
-0.49081135,1.7046716,9.132683
-0.1768339,0.07456851,-0.15020229
-0.44771573,1.7274165,9.018958
-0.14274544,0.08628642,-0.14274544
-0.40581718,1.7465701,9.00579
-0.11504856,0.0958738,-0.13315806
-0.30645782,1.7597382,9.02614
-0.0958738,0.11504856,-0.1257012
-0.19393034,1.7645266,8.959103
-0.080960095,0.1438107,-0.12144015
-0.18794483,1.780089,8.900445
-0.06924219,0.17470337,-0.11824436
-0.19632454,1.7681179,8.743625
-0.06178534,0.19920446,-0.11824436
-0.19632454,1.7681179,8.743625
-0.06178534,0.19920446,-0.11824436
-0.29927522,1.8483237,8.391677
-0.07350325,0.21837921,-0.11717909
-0.29927522,1.8483237,8.391677
-0.07350325,0.21837921,-0.11717909
-0.34237084,1.887828,8.289924
-0.09161274,0.20879184,-0.11930962
-0.37828386,1.9512744,8.289924
-0.11824436,0.18429075,-0.12144015
-0.37588966,2.0374656,8.330625
-0.14487597,0.15126756,-0.12676647
-0.33638534,2.0709844,8.457518
-0.16831179,0.1107875,-0.13528858
-0.2693477,2.0853498,8.586804
-0.18855181,0.07563378,-0.14594123
-0.25857377,2.0853498,8.819042
-0.20240025,0.04261058,-0.15765914
-0.2908955,2.0901382,9.068039
-0.20985709,0.011717909,-0.17150758
-0.2837129,2.067393,9.362526
-0.20985709,-0.015978966,-0.18642128
-0.2801216,2.0087352,9.730036
-0.19920446,-0.037284255,-0.19920446
-0.25977087,1.9405005,10.141838
-0.1736381,-0.04580637,-0.20772657
-0.20231004,1.8926164,10.382456
-0.13635385,-0.04261058,-0.21092236
-0.16280572,1.8267759,10.516531
-0.09054748,-0.034088463,-0.20985709
-0.16280572,1.8267759,10.516531
-0.09054748,-0.034088463,-0.20985709
-0.10534488,1.8088194,10.556035
-0.041545313,-0.02130529,-0.2066613
-0.031124622,1.8387469,10.56681
0.003195793,-0.004261058,-0.20453078
0.009576807,1.8950106,10.485406
0.037284255,0.01917476,-0.20453078
0.05267244,1.9309237,10.3932295
0.058589544,0.051132694,-0.20772657
0.089782566,1.9644425,10.259154
0.066046394,0.09267801,-0.21411815
0.10414778,1.9800048,9.980229
0.05965481,0.13848437,-0.22050974
0.10295067,1.9979613,9.698911
0.040480047,0.17150758,-0.22690132
0.11133038,2.019509,9.586384
0.00958738,0.18961707,-0.23329292
0.11372458,2.030283,9.5253315
-0.025566347,0.19387813,-0.24074976
0.11611878,2.019509,9.569624
-0.058589544,0.19813919,-0.24714136
0.093373865,1.9788077,9.627085
-0.084155895,0.2066613,-0.25033715
0.01436521,1.9189527,9.598354
-0.10333065,0.20772657,-0.24927188
-0.044292733,1.8782512,9.645041
-0.11504856,0.19387813,-0.24714136
-0.15083471,1.8495208,9.751583
-0.12037488,0.16937704,-0.24074976
-0.23463176,1.8626889,9.981427
-0.11824436,0.13528858,-0.23116238
-0.33039984,1.9141643,10.320207
-0.10546118,0.09267801,-0.21944448
-0.33997664,2.007538,10.644621
-0.07669904,0.05219796,-0.2066613
-0.31603462,2.0805612,10.936713
-0.036218993,0.017044231,-0.19281286
-0.2645593,2.147599,11.136629
0.013848438,-0.001065265,-0.18642128
-0.17836803,2.1823149,11.309011
0.06711166,-0.001065265,-0.18429075
-0.049081136,2.2481554,11.427525
0.11930962,0.015978966,-0.18748654
0.073023155,2.3582888,11.481394
0.16618125,0.046871636,-0.19813919
0.12449849,2.4480712,11.407174
0.2034655,0.08628642,-0.22050974
0.055066638,2.44448,11.21444
0.2247708,0.13528858,-0.24501082
0.055066638,2.44448,11.21444
0.2247708,0.13528858,-0.24501082
-0.05746084,2.4396915,10.998962
0.23116238,0.19387813,-0.26844665
-0.094570965,2.4875755,10.84334
0.221575,0.24714136,-0.28655612
-0.11252748,2.542642,10.734404
0.20453078,0.2790993,-0.29933932
-0.16519992,2.5821466,10.68652
0.18002969,0.29188246,-0.314253
-0.21428105,2.56419,10.55843
0.15233281,0.30040458,-0.3323625
-0.25857377,2.4480712,10.484209
0.128897,0.29614353,-0.34834146
-0.34237084,2.3523033,10.597934
0.112918034,0.27803403,-0.35899413
-0.47405192,2.2529438,10.802638
0.10546118,0.25353295,-0.36432046
-0.7254431,2.1152773,11.057621
0.10865697,0.23435818,-0.36325517
-0.92535895,1.9428947,11.311406
0.12250541,0.23116238,-0.35153726
-1.0522517,1.721431,11.303026
0.14594123,0.24181503,-0.3270362
-1.2485762,1.4293385,11.086351
0.16724652,0.2545982,-0.2908172
-1.3024458,1.2737153,10.805033
0.17257284,0.26205507,-0.24181503
-1.2617443,1.1875241,10.704475
0.16298546,0.257794,-0.18535602
-1.1695676,1.1971009,10.562021
0.14487597,0.24501082,-0.12996227
-1.067814,1.2557588,10.360908
0.12037488,0.24181503,-0.07882957
-0.94331545,1.3431472,10.235212
0.09267801,0.24074976,-0.035153728
-0.8643068,1.471237,10.279505
0.06391586,0.23009712,-0.001065265
-0.6979098,1.5095441,10.234015
0.035153728,0.21518342,0.024501082
-0.39863458,1.6256629,10.123882
0,0.19068234,0.039414786
-0.18674773,1.7393875,10.168175
-0.04261058,0.1587244,0.03834952
-0.21667525,2.0087352,10.723629
-0.07882957,0.13209279,0.018109497
-0.10414778,1.7848774,10.358514
-0.08522116,0.12783173,-0.011717909
-0.19393034,1.3874398,10.067618
-0.099069595,0.058589544,-0.051132694
-0.44891283,1.1815386,10.436325
-0.13102753,-0.05219796,-0.08522116
-0.60453594,1.1623849,10.996569
-0.13528858,-0.1257012,-0.096939065
-0.34476504,0.80804306,10.949882
-0.10439592,-0.16298546,-0.09374327
0.08140286,0.48243165,10.613496
-0.08628642,-0.17044231,-0.10546118
-0.21308395,0.33518824,10.512939
-0.099069595,-0.15126756,-0.13209279
-0.7769185,0.6452374,11.468226
-0.111852765,-0.13422333,-0.13528858
-0.82480246,0.61411273,11.7064495
-0.07669904,-0.08841695,-0.11504856
-0.94331545,0.45489833,11.663354
-0.022370555,-0.06391586,-0.094808534
-1.2545617,0.2896984,11.540052
0.034088463,-0.053263225,-0.06924219
-1.7070658,0.50397944,11.850101
0.101200126,-0.026631612,-0.025566347
-1.6424223,0.47165772,11.208455
0.19387813,0.02876214,0.034088463
-1.6424223,0.47165772,11.208455
0.19387813,0.02876214,0.034088463
-1.4520833,0.36870706,10.308235
0.26631612,0.04580637,0.07989483
-1.3251907,0.35075054,9.624691
0.30040458,0.023435818,0.10865697
-1.3958195,0.59735334,9.350554
0.30999196,0.011717909,0.13848437
-1.1025299,0.59017074,8.640674
0.3121225,0.033023197,0.17150758
-0.93852705,0.62847793,8.14268
0.28442562,0.025566347,0.18216023
-0.81881696,0.7757214,8.020576
0.22903186,-0.007456851,0.17789917
-0.7541735,0.9684546,8.158242
0.1736381,-0.03834952,0.16724652
-0.7541735,0.9684546,8.158242
0.1736381,-0.03834952,0.16724652
0.41180268,0.9816227,8.802282
0.098004326,-0.011717909,0.10439592
-0.061052144,1.0965444,8.805874
0.07882957,0.036218993,0.03195793
-0.6799533,1.2018893,8.700529
0.06178534,0.068176925,-0.023435818
-1.0342951,1.2785037,8.605958
0.049002163,0.070307456,-0.051132694
-1.2785037,1.2808979,8.444349
0.036218993,0.046871636,-0.056459017
-1.4305356,1.210269,8.374918
0.022370555,0.00958738,-0.05219796
-1.5801731,1.0618285,8.415619
0.008522116,-0.033023197,-0.043675844
-1.6891093,0.89184016,8.48146
-0.001065265,-0.06924219,-0.026631612
-1.804031,0.79248077,8.548497
-0.001065265,-0.094808534,0.001065265
-1.8423382,0.7278373,8.60117
0.002130529,-0.111852765,0.041545313
-1.8112136,0.6787562,8.6299
0.005326322,-0.13315806,0.08841695
-1.6448165,0.7314286,8.701726
0.007456851,-0.15339808,0.13422333
-1.5263035,0.78170687,8.9519205
0.012783174,-0.1768339,0.17257284
-1.4053963,0.8643068,9.107543
0.023435818,-0.18961707,0.20453078
-1.377863,1.0163386,9.156625
0.03834952,-0.18535602,0.23222765
-1.377863,1.0163386,9.156625
0.03834952,-0.18535602,0.23222765
-1.3347675,1.0965444,9.096769
0.058589544,-0.1736381,0.25885928
-1.1432313,1.1587936,8.99741
0.07882957,-0.15126756,0.28549087
-0.8619126,1.2030864,8.805874
0.0958738,-0.12676647,0.30360037
-0.61770403,1.2413936,8.647857
0.10759171,-0.10226539,0.31318775
-0.60693014,1.2988545,8.498219
0.113983296,-0.0777643,0.3110572
-0.7015011,1.377863,8.453926
0.11717909,-0.058589544,0.314253
-0.60693014,1.412579,8.256405
0.12250541,-0.04580637,0.32597092
-0.6739678,1.4377182,8.103176
0.12357068,-0.054328486,0.32810146
-0.5614403,1.4329298,8.051701
0.12250541,-0.084155895,0.33129725
-0.48362875,1.4568717,8.123527
0.12676647,-0.128897,0.3270362
-0.48362875,1.4568717,8.123527
0.12676647,-0.128897,0.3270362
-0.427365,1.5023615,8.261193
0.14061491,-0.17789917,0.314253
-0.4297592,1.5251064,8.379706
0.16724652,-0.22583607,0.2972088
-0.41060558,1.4999673,8.379706
0.20026971,-0.27483824,0.28122982
-0.427365,1.5765818,8.457518
0.23648871,-0.3334278,0.26631612
-0.427365,1.5765818,8.457518
0.23648871,-0.3334278,0.26631612
-0.37708676,1.6795325,8.574833
0.31318775,-0.44421527,0.24927188
-0.3854665,1.7298107,8.597578
0.34621096,-0.49002165,0.24181503
0.37284255,-0.51771855,0.24181503
-0.32321724,1.745373,8.561666
-0.20111294,1.7178397,8.4826565
0.3888215,-0.5305017,0.24607609
-0.08140286,1.6783354,8.377312
0.3920173,-0.52624065,0.2514024
0.11611878,1.6448165,8.400057
0.3834952,-0.50387007,0.25885928
0.22864626,1.6448165,8.377312
0.36112466,-0.46232477,0.2609898
0.30765492,1.6519991,8.4108305
0.3323625,-0.40266997,0.25992453
0.2813187,1.6460136,8.395268
0.29614353,-0.33768883,0.25566345
0.2693477,1.6783354,8.465898
0.25992453,-0.2790993,0.2545982
0.2633622,1.7669208,8.564059
0.22583607,-0.22796659,0.25992453
0.2633622,1.7669208,8.564059
0.22583607,-0.22796659,0.25992453
0.2681506,1.9045875,8.744822
0.17470337,-0.13848437,0.27377295
0.2885013,1.99437,8.785523
0.16085494,-0.10865697,0.28016454
0.33159694,2.0494366,8.767567
0.15339808,-0.08522116,0.28549087
0.3866636,2.1080947,8.748413
0.15020229,-0.066046394,0.28229508
0.37828386,2.1763294,8.701726
0.14913702,-0.05219796,0.2727077
0.34596214,2.2385786,8.60117
0.14913702,-0.04261058,0.25566345
0.23582886,2.1823149,8.312668
0.1470065,-0.043675844,0.23648871
0.09696517,2.1284454,7.9822683
0.13954964,-0.068176925,0.22690132
0.007182605,2.1392193,7.8972745
0.12463594,-0.11824436,0.22903186
-0.10295067,2.2230163,8.06008
0.10439592,-0.1736381,0.23648871
-0.23104046,2.2649148,8.330625
0.080960095,-0.21092236,0.25246766
-0.23104046,2.2649148,8.330625
0.080960095,-0.21092236,0.25246766
-0.29688102,2.2900538,8.485051
0.0628506,-0.2396845,0.28122982
-0.32441434,2.2828712,8.644265
0.051132694,-0.27057716,0.31638354
-0.25737667,2.3654714,8.913613
0.043675844,-0.3121225,0.35260254
-0.090979666,2.480393,9.277532
0.049002163,-0.35579833,0.38136467
0.047884032,2.574964,9.455899
0.068176925,-0.3920173,0.39734364
0.1388637,2.6527755,9.537302
0.09374327,-0.42077947,0.40373522
0.24061728,2.7030537,9.55047
0.12357068,-0.43995422,0.40053943
0.34476504,2.7138276,9.51336
0.15446335,-0.45167214,0.38775626
0.4321534,2.72939,9.482236
0.18429075,-0.45912898,0.36218992
0.5410896,2.802413,9.516952
0.20453078,-0.46552056,0.32170987
0.63087213,2.8335378,9.55047
0.21624869,-0.4676511,0.2695119
0.6955156,2.9113493,9.595961
0.22050974,-0.4676511,0.20772657
0.7469909,2.9137435,9.696517
0.22050974,-0.47510794,0.1438107
0.81043726,2.871845,9.809045
0.21624869,-0.4889564,0.082025364
0.89064306,2.822764,9.900024
0.20453078,-0.5006743,0.03195793
1.0354922,2.7820623,10.070012
0.18322548,-0.50600064,-0.00958738
1.1216835,2.6994624,10.238804
0.15765914,-0.5113269,-0.049002163
1.2270284,2.6312277,10.530896
0.12676647,-0.5113269,-0.082025364
1.2354081,2.529474,10.800244
0.098004326,-0.49960902,-0.112918034
1.1204864,2.4145525,11.064803
0.07563378,-0.47723848,-0.13102753
0.9840169,2.2709002,11.244369
0.06178534,-0.43888897,-0.13528858
0.8834604,2.1859062,11.340137
0.05752428,-0.38775626,-0.13102753
0.82240826,2.1787236,11.316195
0.058589544,-0.32810146,-0.12676647
0.78290397,2.2589293,11.207258
0.058589544,-0.2545982,-0.12676647
0.748188,2.4301147,10.959458
0.054328486,-0.1736381,-0.13422333
0.7745243,2.60968,10.694899
0.0479369,-0.10333065,-0.15233281
0.8295909,2.802413,10.618284
0.040480047,-0.04580637,-0.18216023
0.80804306,2.9520507,10.527305
0.034088463,-0.001065265,-0.22264028
0.8559271,3.0358477,10.3453455
0.03089267,0.029827405,-0.25992453
1.0283096,3.1184478,10.274716
0.027696876,0.0479369,-0.30253512
1.0223241,3.1040826,10.19092
0.024501082,0.06711166,-0.3653857
0.8678981,3.1304188,10.0029745
0.01917476,0.08841695,-0.43569317
0.6464345,3.0561984,9.884461
0.008522116,0.099069595,-0.49215218
0.49081135,2.8874073,9.76116
-0.005326322,0.10013486,-0.5273059
0.47046062,2.695871,9.704897
-0.023435818,0.0958738,-0.5454154
0.47764325,2.5582044,9.566033
-0.049002163,0.08841695,-0.55606806
0.49320555,2.4528596,9.4295635
-0.0777643,0.082025364,-0.56672066
0.50996494,2.3546975,9.251195
-0.1107875,0.07882957,-0.5752428
0.58418524,2.2050598,9.103952
-0.15126756,0.07243799,-0.58483016
0.7577648,2.0219033,9.14226
-0.19387813,0.054328486,-0.5944176
0.9504981,1.8555063,9.414001
-0.23755397,0.02876214,-0.60933125
1.0809821,1.6891093,9.813833
-0.27164245,0.007456851,-0.6263755
1.1887212,1.5406688,10.201694
-0.29188246,-0.003195793,-0.6423545
1.2773066,1.3934253,10.553641
-0.294013,-0.002130529,-0.6562029
1.283292,1.3072342,10.764331
-0.28549087,0.017044231,-0.6668556
1.2473791,1.2425907,10.848128
-0.26525086,0.056459017,-0.6764429
1.1109096,1.1971009,10.876859
-0.24394555,0.10865697,-0.6849651
0.93613285,1.1348516,10.967838
-0.21731395,0.16937704,-0.6870956
0.6979098,1.0402806,11.071986
-0.17576863,0.23222765,-0.6785734
0.3842694,0.90261406,10.921151
-0.11930962,0.29614353,-0.660464
0.3842694,0.90261406,10.921151
-0.11930962,0.29614353,-0.660464
0.1436521,0.79487497,10.516531
-0.05752428,0.36325517,-0.6295713
-0.021547815,0.7781156,9.902418
0.007456851,0.41864893,-0.59761333
-0.1328782,0.82480246,9.166202
0.06498113,0.44421527,-0.56672066
-0.130484,0.9911995,8.735245
0.10972224,0.42184472,-0.5390238
-0.045489833,1.1647792,8.529344
0.14594123,0.36112466,-0.51665324
0.12569559,1.3551182,8.420407
0.17896444,0.28868666,-0.50387007
0.34715924,1.508347,8.112753
0.21624869,0.21624869,-0.5028048
0.5410896,1.5957354,7.741651
0.24501082,0.14061491,-0.51771855
0.724246,1.6879122,7.3909006
0.25885928,0.06391586,-0.54435015
0.81283146,1.7633295,7.088034
0.25033715,-0.014913702,-0.5837649
0.7721301,1.7860745,7.0425444
0.21944448,-0.08735169,-0.62531024
0.664391,1.7764976,7.04015
0.1768339,-0.14274544,-0.6679208
0.33159694,1.5634137,7.1191587
0.16405073,-0.25672874,-0.69135666
0.47884035,1.6472107,7.2388687
0.2695119,-0.5763081,-0.67537767
0.7541735,1.9740193,6.727707
0.3685815,-0.9012137,-0.6828345
0.6392518,1.9776106,6.766014
0.36325517,-1.139833,-0.7286409
0.36032736,1.6065093,7.0006456
0.28655612,-1.216532,-0.77870834
0.12569559,1.1791444,7.3765354
0.20985709,-1.1824435,-0.78936094
-0.01436521,0.8487445,7.7703815
0.14807177,-1.0961571,-0.7669904
-0.046686932,0.6500258,8.342596
0.08628642,-0.96086854,-0.7190535
-0.089782566,0.61052144,8.6813755
0.015978966,-0.74248934,-0.6466155
-0.18914193,0.6691794,8.732851
-0.043675844,-0.46871635,-0.5613944
-0.18914193,0.6691794,8.732851
-0.043675844,-0.46871635,-0.5613944
-0.011971008,0.91099375,8.119935
-0.111852765,0.0777643,-0.4079963
0.08140286,1.103727,7.6027875
-0.13315806,0.28442562,-0.33662358
0.1316811,1.3084313,6.968324
-0.14594123,0.41438788,-0.25885928
0.20111294,1.4772224,6.339846
-0.14913702,0.46658584,-0.17789917
0.34835634,1.6747441,5.48751
-0.15126756,0.46978164,-0.10652645
0.35314476,1.8507179,4.392163
-0.1587244,0.41758367,-0.0479369
0.2789245,2.0254946,3.4524388
-0.18002969,0.29188246,0.011717909
0.18794483,2.2098482,2.6791117
-0.21624869,0.12463594,0.07243799
0.25498247,2.4049757,2.0147207
-0.25885928,-0.068176925,0.1257012
0.4201824,2.5845408,1.6077064
-0.30040458,-0.2790993,0.15765914
0.6476316,2.7485435,1.3754689
-0.33129725,-0.48469532,0.16192019
0.80924016,2.859874,1.3754689
-0.35579833,-0.6593987,0.13954964
0.8846575,2.918532,1.4149733
-0.37071204,-0.78936094,0.096939065
0.9540894,2.870648,1.4449008
-0.37603834,-0.8841695,0.043675844
1.0007763,2.7940333,1.6065093
-0.3717773,-0.958738,-0.014913702
0.89184016,2.6013002,1.7429788
-0.36218992,-1.0088054,-0.07137272
0.6548142,2.3175871,1.8866309
-0.350472,-1.031176,-0.10865697
0.40940848,1.9500773,2.0003555
-0.34088463,-1.0333065,-0.111852765
0.20590134,1.6484078,2.148796
-0.3334278,-1.0205233,-0.082025364
0.095768064,1.6531962,2.597709
-0.32170987,-0.99708754,-0.027696876
0.260968,1.7717092,3.028665
-0.30146983,-0.9214538,0.020240024
0.260968,1.7717092,3.028665
-0.30146983,-0.9214538,0.020240024
0.46806642,1.7058687,3.1507695
-0.257794,-0.7819041,0.041545313
0.5590461,1.6711528,2.7976246
-0.20559604,-0.6380934,0.05219796
0.59017074,1.5981296,2.1380222
-0.16085494,-0.5432849,0.068176925
0.6775591,1.447295,1.5107412
-0.13422333,-0.49215218,0.09267801
0.6871359,1.3012487,0.676362
-0.11930962,-0.48149952,0.12783173
1.7944542,1.6986861,0.1352724
-0.11717909,-0.5230448,0.1736381
2.4863784,2.087744,-0.46806642
-0.12783173,-0.5773733,0.14913702
2.694674,2.3080103,-1.234211
-0.1470065,-0.6562029,0.07882957
2.6982653,2.3259668,-1.8088194
-0.18535602,-0.78936094,0.006391587
2.8502972,2.2744915,-1.851915
-0.24820662,-0.99069595,-0.05965481
3.5206735,1.9716251,-1.2054806
-0.3174488,-1.2186625,-0.12676647
4.8638206,1.1623849,0.11731588
-0.3685815,-1.4253238,-0.22583607
3.169923,1.3563153,0.19393034
-0.3920173,-1.5446335,-0.33981937
1.7669208,1.5310919,-0.8343793
-0.45912898,-1.5733956,-0.3568636
1.0654198,1.4389153,-1.2378023
-0.6263755,-1.6117451,-0.30146983
1.2078748,0.80804306,-0.37349546
-0.86179894,-1.6479641,-0.21837921
1.3718776,-0.12210429,1.6328455
-1.0791129,-1.6607473,-0.14061491
0.8702923,-0.9576807,3.5649664
-1.2346416,-1.5883093,-0.049002163
0.2681506,-1.2042835,4.784812
-1.320928,-1.4295849,0.08735169
0.48841715,-1.4532804,5.374983
-1.3603427,-1.2452941,0.2514024
2.3068132,-2.1559787,6.908469
-1.3635385,-1.103614,0.38029942
1.1121067,-1.3838485,7.5333557
-1.2974921,-0.96939063,0.45167214
1.2246342,-0.48123455,7.451953
-1.2112057,-0.8149273,0.5752428
2.2732944,-0.12330139,7.2472486
-1.1451592,-0.7073356,0.6849651
2.2732944,-0.12330139,7.2472486
-1.1451592,-0.7073356,0.6849651
4.4580035,-0.36391866,6.519411
-1.0887003,-0.56885123,0.7392935
5.7520695,-0.046686932,6.825869
-1.1195929,-0.5336975,0.7030745
6.801927,0.34955344,7.4603324
-1.180313,-0.4889564,0.6103965
7.0545154,0.51475334,8.2169
-1.2580773,-0.42290998,0.46658584
6.703765,0.29688102,8.380903
-1.3443637,-0.3291667,0.3089267
6.1243677,-0.089782566,8.445546
-1.4594123,-0.23648871,0.17257284
5.518635,-0.5781997,8.851364
-1.603223,-0.17044231,0.07243799
4.8518496,-1.2773066,9.841366
-1.7459685,-0.13422333,0.004261058
3.8151605,-2.1823149,10.967838
-1.8429075,-0.112918034,-0.040480047
2.3762453,-3.1304188,11.633426
-1.8759307,-0.11504856,-0.039414786
0.7541735,-3.8235402,12.10269
-1.856756,-0.18855181,0.035153728
0.02633622,-4.1706996,12.74673
-1.7907095,-0.34088463,0.18535602
-0.034715924,-4.402937,12.769475
-1.6895094,-0.50173956,0.37071204
0.5805939,-4.722563,12.641385
-1.5840483,-0.6583334,0.56245965
1.1372458,-4.951209,12.224793
-1.4956313,-0.77870834,0.7307714
1.6136919,-4.97156,11.33894
-1.4434333,-0.8277105,0.8767126
2.6408045,-4.808754,10.498574
-1.4498249,-0.8341021,1.0013486
4.011485,-4.4280763,9.855731
-1.5169365,-0.7946873,1.0812434
5.3007627,-3.9983168,9.3661175
-1.6362462,-0.6956177,1.0940266
6.075287,-3.7337575,8.672996
-1.7949706,-0.53263223,1.031176
6.4607534,-3.738546,7.788338
-1.9909793,-0.34194988,0.9214538
6.7504516,-3.845088,6.918046
-2.2210765,-0.17789917,0.7914915
6.999449,-3.9923313,6.411672
-2.4746094,-0.06178534,0.6508766
7.067683,-4.307169,6.1938
-2.7366643,0.001065265,0.5006743
6.6606693,-5.0182467,6.2620344
-2.9838057,-0.010652645,0.34621096
5.9064956,-5.9483943,6.3685765
-3.1947281,-0.13102753,0.19813919
5.270835,-7.0102224,6.5026517
-3.3736925,-0.35579833,0.09054748
4.76087,-8.106767,7.597999
-3.536678,-0.67537767,0.037284255
4.334702,-9.033323,9.368511
-3.6581182,-1.031176,0.02876214
4.050989,-9.8198185,10.880449
-3.7103162,-1.3699301,0.058589544
4.1060557,-10.491392,12.152967
-3.7103162,-1.7097495,0.12250541
4.582502,-10.96305,13.541605
-3.6772928,-2.07407,0.21198763
5.237316,-10.936713,15.161283
-3.6165729,-2.449043,0.30466563
5.7245364,-10.509348,16.77617
-3.5302863,-2.8069718,0.3888215
6.227319,-9.925163,18.517954
-3.4248252,-3.1286817,0.46019423
6.953959,-9.323022,20.582952
-3.3119073,-3.400324,0.52624065
7.8733325,-8.608353,23.119608
-3.1894019,-3.5824845,0.5837649
8.762778,-7.5094137,25.53416
-3.0402648,-3.6432045,0.6199839
9.471462,-6.101623,27.909208
-2.8644962,-3.6037896,0.62531024
10.016143,-4.6579194,30.32855
-2.6599653,-3.500459,0.5965481
10.53329,-3.3063924,32.659306
-2.4224114,-3.3225598,0.5336975
11.171345,-2.0410569,34.645294
-2.167813,-3.0328078,0.43782368
11.761516,-0.973243,36.276943
-1.9142802,-2.6077673,0.30253512
11.932701,-0.34715924,37.67396
-1.6682042,-2.0591562,0.12676647
11.639412,-0.16639702,38.869865
-1.4253238,-1.4168017,-0.060720075
11.172543,-0.4309563,39.225403
-1.164334,-0.69348717,-0.24181503
11.172543,-0.4309563,39.225403
-1.164334,-0.69348717,-0.24181503
10.529699,-1.091756,39.187096
-0.87351686,0.068176925,-0.4016047
9.518148,-1.8938135,37.59256
-0.5475459,0.8064052,-0.52411014
8.4826565,-2.505532,34.65128
-0.1917476,1.4263891,-0.5954828
6.455965,-3.3494883,27.802668
0.4165184,2.2008364,-0.624245
5.9962783,-3.3614593,24.321499
0.644485,2.3861923,-0.5795039
5.9052987,-3.3171666,21.435287
0.8426242,2.3819313,-0.5305017
5.8358665,-3.1280246,19.15122
1.0088054,2.2338595,-0.49534798
5.8945246,-2.919729,17.351976
1.1526161,1.9813919,-0.47297743
6.1387334,-2.7688942,16.163256
1.2687299,1.6724652,-0.46978164
6.375759,-2.6479871,15.437813
1.3539511,1.3550164,-0.4889564
6.375759,-2.6479871,15.437813
1.3539511,1.3550164,-0.4889564
6.4523735,-2.6204538,14.982914
1.4082797,1.0610034,-0.52411014
6.4152637,-2.6779146,14.628572
1.4370418,0.813862,-0.5613944
6.4368114,-2.6886885,14.572309
1.4444987,0.6146576,-0.5933523
6.539762,-2.741361,14.602236
1.4391723,0.4644553,-0.62531024
6.6606693,-2.873042,14.659697
1.4327807,0.36112466,-0.6583334
6.841431,-3.072958,14.682442
1.4295849,0.29294774,-0.6924219
7.086837,-3.2848446,14.742297
1.4242586,0.257794,-0.7286409
7.3789296,-3.5206735,14.942213
1.4221281,0.25353295,-0.7701862
7.539341,-3.7373488,15.128961
1.4263891,0.29294774,-0.8213189
7.475895,-3.9612067,14.990097
1.4391723,0.386691,-0.88203895
7.1143703,-4.2281604,14.492103
1.4455639,0.5390238,-0.94808537
6.591237,-4.5753193,13.84088
1.4295849,0.7286409,-1.0013486
6.0250087,-4.900931,13.120225
1.3880396,0.94595486,-1.0354371
5.483919,-5.1223946,12.400767
1.3326459,1.1728562,-1.0503508
4.9344497,-5.195418,11.662156
1.2729911,1.3795174,-1.0482203
4.485537,-5.1642933,10.94629
1.2197278,1.5339808,-1.0343717
4.164714,-5.0625396,10.493786
1.1792477,1.6160061,-1.0141318
3.9911342,-4.935647,10.271125
1.1568772,1.6266588,-0.99069595
3.879804,-4.8123455,10.217256
1.1611383,1.587244,-0.97471696
3.9911342,-4.698621,10.04607
1.1920309,1.5201324,-0.9651296
4.1683054,-4.6220064,9.731233
1.2335763,1.4359765,-0.96619487
4.158728,-4.6339774,9.52174
1.2729911,1.3443637,-0.9800433
3.8989575,-4.72376,9.358934
1.3038837,1.2644689,-1.0013486
3.5362358,-4.894945,9.323022
1.325189,1.2080098,-1.015197
3.1663318,-5.127183,9.436746
1.3401027,1.1728562,-1.0120013
2.8000188,-5.3019595,9.461885
1.3582122,1.1685951,-0.9896307
2.4361002,-5.33907,9.404425
1.3795174,1.1845741,-0.94808537
2.1272483,-5.267244,9.317036
1.4082797,1.1984226,-0.8948221
1.982399,-5.0385976,9.234436
1.4444987,1.2101405,-0.8341021
2.0338743,-4.7165775,8.859743
1.4871092,1.216532,-0.77231675
2.3116016,-4.2580876,8.099585
1.5297197,1.2101405,-0.7222493
2.6647465,-3.714604,7.0449386
1.555286,1.1653993,-0.69348717
2.6647465,-3.714604,7.0449386
1.555286,1.1653993,-0.69348717
2.920926,-3.2261868,6.1183825
1.551025,1.0823087,-0.69135666
3.1052797,-2.791639,5.565322
1.5158713,0.9864349,-0.7073356
3.2022448,-2.4624364,5.16549
1.4572818,0.8863,-0.7414241
3.1890767,-2.2158337,4.995502
1.3784522,0.7978831,-0.7861652
2.980781,-2.1535845,5.0505686
1.28897,0.7318367,-0.8319715
2.694674,-2.2337902,5.3127337
1.1899004,0.69774824,-0.86392945
2.3989902,-2.4408886,5.7867856
1.091896,0.68389976,-0.87777793
2.019509,-2.5953147,6.43322
1.0088054,0.6924219,-0.86392945
1.1767502,-2.4289176,7.207744
0.89801794,0.78723043,-0.7488809
1.6340426,-2.5151088,7.9128366
0.86392945,0.829841,-0.6828345
1.9620483,-2.565387,8.404845
0.8681905,0.87777793,-0.6466155
2.1092918,-2.4229321,8.584411
0.9012137,0.9267801,-0.6263755
2.2732944,-2.0841527,8.444349
0.94488955,0.9598033,-0.61891866
2.397793,-1.7501614,8.384495
0.99282646,0.96299905,-0.624245
2.5773582,-1.5023615,8.336611
1.0492855,0.94275904,-0.64341974
2.778471,-1.3431472,8.189367
1.1100056,0.922519,-0.6775082
3.0011318,-1.3024458,7.964312
1.1622036,0.9129316,-0.72651035
3.0921116,-1.2306197,7.8625584
1.2016183,0.9033443,-0.7882957
2.8383262,-1.0307038,7.69257
1.2314457,0.8905611,-0.8564726
2.5151088,-0.80205756,7.475895
1.252751,0.87777793,-0.91825795
2.2780828,-0.6787562,7.1514807
1.257012,0.86499476,-0.96619487
2.0961237,-0.7398083,6.7684083
1.2357068,0.8607337,-1.0066749
1.7178397,-0.9588778,6.5122285
1.1888351,0.8522116,-1.0322412
1.1073183,-1.2366052,6.5230026
1.1259845,0.8362326,-1.0365024
0.29568392,-1.4879963,6.8366427
1.0663297,0.80747044,-1.010936
-1.0378864,-1.270124,6.751649
1.0237192,0.77870834,-0.9353022
-1.1228806,-1.3000516,6.7851677
0.98110855,0.7584683,-0.80533993
-0.7326257,-1.3012487,7.067683
0.9395633,0.7307714,-0.6743124
-0.17357962,-1.1528081,7.1275387
0.91186637,0.7307714,-0.56672066
0.32441434,-0.866701,7.0221934
0.89162636,0.7307714,-0.4878911
0.8619126,-0.4369418,6.8785415
0.86499476,0.737163,-0.44208476
1.340753,0.011971008,6.716933
0.8277105,0.76912093,-0.4250405
1.7609353,0.31004912,6.4858923
0.777643,0.8159926,-0.43782368
2.1763294,0.50637364,6.3218894
0.7126619,0.85540736,-0.47510794
2.4588451,0.6512229,6.338649
0.6380934,0.88843054,-0.53476274
2.5713725,0.7350199,6.397307
0.5603291,0.9129316,-0.6178534
2.3930047,0.6596026,6.721721
0.48149952,0.91825795,-0.71159667
1.9680338,0.45609543,7.041347
0.41545314,0.91825795,-0.8000136
1.4987702,0.17717093,7.339425
0.36751625,0.9214538,-0.86392945
0.997185,-0.19991584,7.77517
0.34194988,0.9139969,-0.89801794
0.44771573,-0.59735334,8.395268
0.34301516,0.8948221,-0.8990832
0.011971008,-0.9648633,9.127894
0.386691,0.86179894,-0.8692558
-0.46806642,-1.091756,9.624691
0.48043427,0.8117315,-0.82557994
-1.0570401,-0.9672575,9.692925
0.61678815,0.76272935,-0.7584683
-1.292869,-0.7661445,9.53012
0.7680557,0.7105314,-0.6625945
-1.0642227,-0.50996494,9.235633
0.91186637,0.6466155,-0.5550028
-0.6655881,-0.16879122,8.834604
1.0386329,0.5837649,-0.46339005
-0.20111294,0.272939,8.025364
1.1408982,0.515588,-0.39947417
0.29448682,0.6703765,6.968324
1.2090752,0.43036684,-0.35899413
0.842759,1.0785879,5.920861
1.2154667,0.32277513,-0.34301516
1.2306197,1.4257472,5.105635
1.1472899,0.2034655,-0.35473305
1.2904748,1.6196774,4.819528
1.0141318,0.0777643,-0.38775626
1.1049241,1.6627731,4.981137
0.84155893,-0.033023197,-0.42397526
0.8343793,1.6639702,5.3642087
0.65726817,-0.12463594,-0.44847634
0.61052144,1.7190368,5.895722
0.48469532,-0.19920446,-0.45912898
0.61052144,1.7190368,5.895722
0.48469532,-0.19920446,-0.45912898
-0.9983821,2.244564,6.59004
0.2130529,-0.27483824,-0.40586576
-0.9983821,2.244564,6.59004
0.2130529,-0.27483824,-0.40586576
-0.5494693,2.0039468,7.089231
0.08948222,-0.29188246,-0.30999196
0.17238252,1.5526398,7.9607205
-0.013848438,-0.29933932,-0.23222765
0.6488287,1.2330139,8.7532015
-0.06711166,-0.24714136,-0.19281286
0.88944596,1.1228806,9.044097
-0.05965481,-0.17896444,-0.1736381
1.0019734,1.2042835,9.536105
0.018109497,-0.15126756,-0.165116
1.1121067,1.3670892,10.012551
0.14594123,-0.11930962,-0.16405073
1.2318168,1.472434,10.250774
0.2876214,-0.035153728,-0.17257284
1.3215994,1.3587095,9.988609
0.41864893,0.08948222,-0.1917476
1.246182,1.2246342,9.603143
0.54648066,0.20240025,-0.21198763
1.1121067,1.1923125,8.718486
0.6775082,0.28336033,-0.22050974
1.1587936,1.2940661,7.6015906
0.7882957,0.28868666,-0.2130529
1.2880806,1.4401124,6.8426285
0.85540736,0.20026971,-0.20879184
1.3431472,1.5394717,6.6187706
0.8831042,0.07882957,-0.21837921
1.3108255,1.6017209,6.637924
0.89162636,-0.020240024,-0.23755397
1.2629414,1.6639702,6.707356
0.89375687,-0.07563378,-0.25033715
1.2509704,1.745373,6.567295
0.8990832,-0.094808534,-0.24714136
1.3359646,1.9009962,6.2883706
0.9054748,-0.101200126,-0.2396845
1.5334862,2.0614076,5.9687448
0.9054748,-0.10865697,-0.23329292
1.7848774,2.2349873,5.7281275
0.88949585,-0.12783173,-0.23861924
1.9740193,2.3942018,5.595249
0.86392945,-0.15659387,-0.26312032
1.9835961,2.4839842,5.553351
0.8309063,-0.18109496,-0.29827404
1.9081788,2.5151088,5.471948
0.7946873,-0.20026971,-0.33662358
1.7944542,2.5103204,5.222951
0.75101143,-0.2066613,-0.36645097
1.6915035,2.4480712,4.811148
0.6870956,-0.19387813,-0.38456047
1.6208745,2.409764,4.277241
0.5901565,-0.1768339,-0.39627838
1.5598224,2.3391352,3.928885
0.45912898,-0.16405073,-0.40373522
1.4867992,2.3355439,3.9875429
0.30360037,-0.14913702,-0.406931
1.401805,2.3235726,4.297592
0.14274544,-0.128897,-0.4101268
1.2761095,2.2936451,4.7656584
-0.001065265,-0.0958738,-0.41225734
1.1683705,2.2349873,5.3522377
-0.11930962,-0.05219796,-0.41225734
1.1683705,2.2349873,5.3522377
-0.11930962,-0.05219796,-0.41225734
0.92416185,1.9859903,6.579266
-0.25672874,0.01917476,-0.39840892
0.89303726,1.8531121,7.001843
-0.27377295,0.034088463,-0.386691
0.92655605,1.7609353,7.217321
-0.26205507,0.034088463,-0.37284255
0.9864111,1.7274165,7.297527
-0.23222765,0.013848438,-0.35899413
1.0546459,1.7381904,7.349002
-0.19281286,-0.024501082,-0.35260254
1.0761937,1.7753005,7.4687123
-0.15233281,-0.07456851,-0.35153726
1.0965444,1.7597382,7.60997
-0.112918034,-0.12357068,-0.35260254
1.1121067,1.7729063,7.825448
-0.07137272,-0.15978967,-0.35153726
1.1432313,1.7884687,7.926005
-0.026631612,-0.17470337,-0.34834146
1.13964,1.8806454,7.8865004
0.018109497,-0.16085494,-0.34194988
1.1480197,2.0099323,7.644686
0.054328486,-0.128897,-0.33662358
1.210269,2.148796,7.183802
0.07243799,-0.08948222,-0.3323625
1.2641385,2.2134395,6.7492547
0.06924219,-0.049002163,-0.33449304
1.2533646,2.2637177,6.351817
0.04261058,-0.010652645,-0.34194988
1.1971009,2.280477,6.06571
-0.008522116,0.023435818,-0.350472
1.1971009,2.280477,6.06571
-0.008522116,0.023435818,-0.350472
1.0690111,2.267309,5.8741736
-0.07243799,0.053263225,-0.3568636
0.9624691,2.2373815,5.7400985
-0.14487597,0.080960095,-0.3568636
0.92057055,2.2301989,5.7161565
-0.2247708,0.101200126,-0.35260254
0.842759,2.1930888,5.807136
-0.30999196,0.113983296,-0.35153726
0.7673417,2.1811178,6.0046577
-0.39947417,0.12250541,-0.34408042
0.70509243,2.1416135,6.39611
-0.48469532,0.13209279,-0.3355583
0.60932434,2.1452048,6.9623384
-0.56245965,0.1555286,-0.3270362
0.51116204,2.2014685,7.5692687
-0.6221144,0.19068234,-0.31851408
0.45489833,2.2301989,8.072051
-0.6593987,0.23009712,-0.30999196
0.36272156,2.2349873,8.554482
-0.6689861,0.2759035,-0.30040458
0.22864626,2.220622,8.820239
-0.6498113,0.32490566,-0.28655612
0.090979666,2.2888567,8.941146
-0.61572284,0.3685815,-0.26738137
0.022744916,2.3678656,8.866926
-0.572047,0.39627838,-0.25033715
-0.06344634,2.408567,8.793902
-0.5294364,0.406931,-0.23542345
-0.089782566,2.4193408,8.719683
-0.49215218,0.40053943,-0.221575
-0.037110128,2.4061728,8.66701
-0.46019423,0.38456047,-0.20559604
0.093373865,2.4588451,8.652645
-0.4314321,0.35792887,-0.1917476
0.24420857,2.6072857,8.595184
-0.40586576,0.32277513,-0.18322548
0.4297592,2.7629087,8.503007
-0.37923414,0.27377295,-0.18535602
0.60453594,2.9149406,8.422802
-0.35153726,0.21092236,-0.19920446
0.7541735,2.980781,8.343793
-0.3270362,0.14274544,-0.22370553
0.89423436,2.9496565,8.286332
-0.3121225,0.0777643,-0.25353295
0.89423436,2.9496565,8.286332
-0.3121225,0.0777643,-0.25353295
0.9516952,2.871845,8.385692
-0.3057309,0.022370555,-0.28442562
0.878672,2.7257986,8.560468
-0.3089267,-0.022370555,-0.30786142
0.736217,2.5917234,8.838196
-0.31851408,-0.0479369,-0.3174488
0.60333884,2.5270798,9.220071
-0.3270362,-0.05006743,-0.3110572
0.521936,2.4708161,9.528923
-0.33129725,-0.029827405,-0.294013
0.46447513,2.4588451,9.835381
-0.32810146,0.004261058,-0.27164245
0.4441244,2.4516625,10.013748
-0.31957933,0.051132694,-0.2545982
0.4141969,2.4157495,10.068815
-0.30253512,0.098004326,-0.24714136
0.33279404,2.3953989,10.1226845
-0.28016454,0.1257012,-0.24074976
0.2705448,2.336741,10.21965
-0.25353295,0.13315806,-0.23329292
0.25258827,2.2613235,10.352529
-0.21624869,0.1257012,-0.221575
0.23582886,2.2182279,10.443508
-0.16724652,0.10652645,-0.21198763
0.22864626,2.2230163,10.485406
-0.10972224,0.082025364,-0.20240025
0.22625206,2.255338,10.5680065
-0.04474111,0.053263225,-0.19068234
0.22625206,2.255338,10.5680065
-0.04474111,0.053263225,-0.19068234
0.062249243,2.3307555,10.465055
0.023435818,0.023435818,-0.18216023
0.023942016,2.3475149,10.223241
0.0958738,0,-0.17150758
0.027533319,2.4241292,9.8677025
0.16085494,-0.018109497,-0.1587244
0.051475335,2.4875755,9.497798
0.21092236,-0.033023197,-0.14168017
0.2396845,-0.05006743,-0.12357068
0.06823475,2.598906,9.214086
0.24501082,-0.060720075,-0.10652645
0.074220255,2.6791117,8.977059
0.10534488,2.7868507,8.8777
0.23222765,-0.066046394,-0.08948222
0.18195933,2.837129,8.919599
0.20026971,-0.060720075,-0.07350325
0.39145198,2.896984,9.3182335
0.10546118,-0.02130529,-0.04261058
0.46327803,2.8898015,9.579201
0.05219796,0,-0.037284255
0.5554548,2.834735,9.927557
0.004261058,0.012783174,-0.037284255
0.641646,2.7928362,10.29387
-0.033023197,0.01917476,-0.04474111
0.7134721,2.7509377,10.600328
-0.054328486,0.018109497,-0.053263225
0.7769185,2.7952304,10.767922
-0.054328486,0.011717909,-0.06391586
0.8283938,2.8083985,10.837354
-0.03834952,-0.001065265,-0.07669904
0.8379706,2.7940333,10.794258
-0.013848438,-0.014913702,-0.09267801
0.81402856,2.731784,10.664971
0.011717909,-0.027696876,-0.111852765
0.7206547,2.6850972,10.524911
0.037284255,-0.03834952,-0.13209279
0.56982,2.6623523,10.328587
0.05752428,-0.04580637,-0.14807177
0.56982,2.6623523,10.328587
0.05752428,-0.04580637,-0.14807177
0.4441244,2.6563668,10.223241
0.070307456,-0.05219796,-0.1555286
0.29807812,2.6204538,10.104729
0.07563378,-0.056459017,-0.15659387
0.1448492,2.6132712,9.957485
0.07669904,-0.056459017,-0.15233281
-0.033518825,2.6156654,9.740809
0.06924219,-0.051132694,-0.14594123
-0.033518825,2.6156654,9.740809
0.06924219,-0.051132694,-0.14594123
-0.33518824,2.6539726,9.372103
0.029827405,-0.026631612,-0.10865697
-0.45609543,2.7018566,9.287108
-0.008522116,-0.012783174,-0.08735169
-0.50637364,2.717419,9.259575
-0.05219796,-0.001065265,-0.06178534
-0.47764325,2.7162218,9.313444
-0.10226539,0.008522116,-0.036218993
-0.36990416,2.7389667,9.437943
-0.15446335,0.014913702,-0.00958738
-0.36990416,2.7389667,9.437943
-0.15446335,0.014913702,-0.00958738
-0.23223756,2.7808652,9.628283
-0.2034655,0.011717909,0.012783174
-0.11611878,2.8323407,9.797073
-0.24607609,0.003195793,0.026631612
0.01316811,2.778471,9.950302
-0.27696875,-0.011717909,0.03195793
0.090979666,2.6372132,10.077195
-0.29614353,-0.027696876,0.026631612
0.16519992,2.4468741,10.143036
-0.30679616,-0.04580637,0.011717909
0.21068975,2.2337902,10.216059
-0.3089267,-0.0777643,-0.005326322
0.2777274,1.9955671,10.231621
-0.30253512,-0.11824436,-0.024501082
0.39743748,1.721431,10.31901
-0.27057716,-0.22903186,-0.06178534
0.49799395,1.4389153,10.45069
-0.25246766,-0.28975195,-0.0777643
0.545878,1.2533646,10.602722
-0.23116238,-0.34514567,-0.09054748
0.5710171,1.0989386,10.79785
-0.20879184,-0.386691,-0.101200126
0.50637364,1.0043676,10.96305
-0.18429075,-0.4101268,-0.1107875
0.37828386,0.8738836,11.022904
-0.15126756,-0.4133226,-0.112918034
0.2645593,0.78050977,11.021708
-0.11504856,-0.39734364,-0.101200126
0.18435353,0.7661445,10.881647
-0.07989483,-0.3653857,-0.07989483
0.15083471,0.82360536,10.621876
-0.046871636,-0.32277513,-0.053263225
0.12689269,0.8810662,10.277111
-0.02130529,-0.2759035,-0.025566347
0.089782566,0.94451255,9.871294
-0.008522116,-0.22903186,0.001065265
0.089782566,0.94451255,9.871294
-0.008522116,-0.22903186,0.001065265
0.108936176,1.021127,9.574412
-0.008522116,-0.18535602,0.026631612
0.107739076,1.0869676,9.363723
-0.023435818,-0.15126756,0.04474111
0.1328782,1.1791444,9.23683
-0.04261058,-0.12357068,0.058589544
0.1340753,1.2330139,9.126697
-0.06391586,-0.099069595,0.06498113
0.11611878,1.271321,9.08001
-0.08735169,-0.07563378,0.066046394
0.05865794,1.2677298,9.01776
-0.10759171,-0.058589544,0.06391586
-0.01436521,1.2653356,8.992621
-0.12357068,-0.04580637,0.05752428
-0.05267244,1.2545617,8.918402
-0.13635385,-0.043675844,0.05006743
-0.09935937,1.2090719,8.845378
-0.14594123,-0.05752428,0.04474111
-0.10534488,1.2090719,8.765172
-0.15339808,-0.08522116,0.040480047
-0.12090719,1.2401965,8.714894
-0.1587244,-0.12037488,0.036218993
-0.11971009,1.2689269,8.584411
-0.16724652,-0.1587244,0.027696876
-0.11133038,1.2629414,8.479065
-0.18216023,-0.19813919,0.012783174
-0.142455,1.2150574,8.498219
-0.20240025,-0.2396845,-0.003195793
-0.17717093,1.13964,8.584411
-0.22903186,-0.27696875,-0.010652645
-0.16998832,1.0522517,8.688558
-0.2545982,-0.30040458,-0.008522116
-0.15083471,0.9900024,8.848969
-0.28016454,-0.3089267,-0.002130529
-0.1436521,0.92296475,8.963891
-0.30786142,-0.31318775,0.007456851
-0.11133038,0.8822633,9.221268
-0.3270362,-0.30786142,0.02130529
-0.06823475,0.8595184,9.386468
-0.33981937,-0.29507825,0.035153728
0.12928689,0.8559271,9.490616
-0.34514567,-0.24820662,0.06498113
0.12928689,0.8559271,9.490616
-0.34514567,-0.24820662,0.06498113
0.20350714,0.85473,9.478644
-0.34408042,-0.221575,0.07669904
0.2777274,0.85473,9.502586
-0.33768883,-0.20133498,0.084155895
0.32920274,0.90859956,9.524135
-0.330232,-0.18216023,0.09054748
0.37110126,0.94211835,9.539697
-0.3174488,-0.16298546,0.0958738
0.4333505,0.973243,9.449914
-0.30253512,-0.13954964,0.10013486
0.45609543,1.0127473,9.329007
-0.28868666,-0.11717909,0.10333065
0.49320555,1.0127473,9.216479
-0.28016454,-0.10546118,0.10546118
0.48482585,1.0414777,9.150639
-0.27164245,-0.10226539,0.10333065
0.45010993,1.0714053,9.138668
-0.26418558,-0.101200126,0.10013486
0.4165911,1.1180922,9.153033
-0.2514024,-0.10439592,0.099069595
0.40102878,1.1420342,9.121908
-0.23222765,-0.11611383,0.10013486
0.34356794,1.1563994,9.038112
-0.20772657,-0.13209279,0.101200126
0.34476504,1.1899183,8.935161
-0.18322548,-0.15020229,0.10333065
0.31244332,1.2006922,8.839393
-0.16192019,-0.17257284,0.10439592
0.31244332,1.2006922,8.839393
-0.16192019,-0.17257284,0.10439592
0.28491,1.2090719,8.822633
-0.1438107,-0.1917476,0.10546118
0.29209262,1.2521675,8.84059
-0.12996227,-0.20772657,0.111852765
0.33399114,1.2689269,8.835801
-0.11611383,-0.221575,0.11717909
0.3854665,1.3455414,8.850166
-0.10013486,-0.221575,0.12037488
0.4381389,1.4101849,8.900445
-0.08628642,-0.21198763,0.12144015
0.51954174,1.4317327,8.820239
-0.07669904,-0.1917476,0.12037488
0.5722142,1.4257472,8.718486
-0.07243799,-0.16724652,0.11717909
0.62368953,1.4329298,8.582016
-0.07669904,-0.1438107,0.112918034
0.6464345,1.4628572,8.463503
-0.08735169,-0.12783173,0.10652645
0.70509243,1.483208,8.504205
-0.099069595,-0.1257012,0.0958738
0.7170634,1.4987702,8.604761
-0.10759171,-0.12676647,0.08628642
0.7721301,1.5310919,8.719683
-0.111852765,-0.12357068,0.07456851
0.82121116,1.5131354,8.726865
-0.111852765,-0.11717909,0.0628506
0.8798691,1.5227122,8.790312
-0.113983296,-0.112918034,0.051132694
0.8882488,1.5047557,8.8645315
-0.11717909,-0.111852765,0.03834952
0.8750807,1.4736311,8.9842415
-0.12037488,-0.111852765,0.025566347
0.8607155,1.4401124,9.175778
-0.11824436,-0.10759171,0.015978966
0.8487445,1.4209588,9.334992
-0.10865697,-0.098004326,0.008522116
0.8319851,1.42455,9.397242
-0.094808534,-0.084155895,0.003195793
0.82121116,1.4281414,9.337387
-0.07563378,-0.070307456,0
0.78649527,1.435324,9.2907
-0.056459017,-0.05539375,-0.001065265
0.7386112,1.4317327,9.198523
-0.039414786,-0.03834952,-0.002130529
0.6907272,1.4209588,9.115923
-0.02876214,-0.018109497,0.002130529
0.6631939,1.42455,9.082404
-0.020240024,-0.001065265,0.007456851
0.6536171,1.4820108,9.131485
-0.010652645,0.015978966,0.014913702
0.6859388,1.5239093,9.187749
0,0.034088463,0.022370555
0.7266402,1.5729905,9.210494
0.012783174,0.05752428,0.029827405
0.7613561,1.6651673,9.167398
0.026631612,0.08522116,0.036218993
0.7793127,1.721431,9.040505
0.040480047,0.1107875,0.037284255
0.7577648,1.7369933,8.981848
0.054328486,0.1257012,0.036218993
0.748188,1.8052281,8.979453
0.066046394,0.12996227,0.034088463
0.6919243,1.8171991,9.040505
0.07989483,0.12144015,0.02876214
0.62847793,1.839944,9.052477
0.096939065,0.10333065,0.02130529
0.5650316,1.8351556,9.054871
0.11824436,0.07882957,0.012783174
0.5650316,1.8351556,9.054871
0.11824436,0.07882957,0.012783174
0.5758055,1.8315643,8.98903
0.15126756,0.017044231,0.004261058
0.5758055,1.8315643,8.98903
0.15126756,0.017044231,0.004261058
0.62009823,1.8339585,8.893262
0.15233281,-0.026631612,0.001065265
0.7302315,1.8794483,8.985439
0.14061491,-0.07350325,-0.001065265
0.78529817,1.9033904,9.23683
0.11930962,-0.10546118,-0.012783174
0.830788,1.9057846,9.481039
0.094808534,-0.113983296,-0.02876214
0.8846575,1.804031,9.752781
0.07137272,-0.10652645,-0.04474111
0.9504981,1.6400281,9.932345
0.04474111,-0.098004326,-0.058589544
1.0283096,1.5370775,10.08318
0.014913702,-0.08841695,-0.068176925
1.0522517,1.459266,10.280702
-0.02130529,-0.080960095,-0.0777643
1.0175357,1.4413095,10.551247
-0.056459017,-0.06924219,-0.08522116
0.9768343,1.3910311,10.904391
-0.083090626,-0.05006743,-0.09374327
0.90261406,1.3144168,11.209652
-0.0958738,-0.017044231,-0.098004326
0.81283146,1.30484,11.394006
-0.094808534,0.025566347,-0.094808534
0.81283146,1.30484,11.394006
-0.094808534,0.025566347,-0.094808534
0.724246,1.3156139,11.474212
-0.084155895,0.06711166,-0.094808534
0.65242,1.3910311,11.504139
-0.0628506,0.10333065,-0.09374327
0.5518635,1.520318,11.488577
-0.039414786,0.13741912,-0.094808534
0.48841715,1.6484078,11.43351
-0.015978966,0.16724652,-0.101200126
0.48243165,1.7501614,11.279084
0.006391587,0.19600865,-0.111852765
0.48841715,1.8052281,11.04565
0.02130529,0.21731395,-0.12144015
0.4429273,1.8267759,10.800244
0.025566347,0.22583607,-0.13315806
0.4285621,1.8231846,10.600328
0.014913702,0.21624869,-0.14061491
0.46327803,1.8171991,10.486604
-0.006391587,0.19707392,-0.14487597
0.51235914,1.8148049,10.473435
-0.036218993,0.17470337,-0.14594123
0.60094464,1.8471266,10.45907
-0.07243799,0.14913702,-0.1470065
0.7266402,1.8830396,10.3932295
-0.11717909,0.12144015,-0.15339808
0.8343793,1.7956513,10.457873
-0.2247708,0.05006743,-0.1768339
0.8391677,1.6879122,10.59554
-0.27803403,0.013848438,-0.18642128
0.8319851,1.5442601,10.8864355
-0.32490566,-0.022370555,-0.19068234
0.85473,1.4137762,11.140221
-0.3568636,-0.05219796,-0.19387813
0.94690675,1.2856863,11.35091
-0.37390783,-0.07243799,-0.19281286
1.0642227,1.1180922,11.544841
-0.37923414,-0.08948222,-0.19281286
1.1599907,0.91219085,11.680113
-0.37923414,-0.10546118,-0.1917476
1.2689269,0.6823475,11.87524
-0.3717773,-0.11824436,-0.19068234
1.4065934,0.50996494,12.107478
-0.350472,-0.1257012,-0.18642128
1.5849615,0.37708676,12.282255
-0.31851408,-0.12144015,-0.18216023
1.7154455,0.2693477,12.440272
-0.2759035,-0.112918034,-0.17789917
1.8231846,0.24061728,12.656947
-0.21624869,-0.0958738,-0.17576863
1.9716251,0.29448682,12.787432
-0.14274544,-0.066046394,-0.1736381
2.0278888,0.38307226,12.902353
-0.05752428,-0.025566347,-0.17896444
2.0817583,0.51116204,12.811374
0.039414786,0.027696876,-0.18855181
2.0518308,0.63087213,12.510901
0.1438107,0.09374327,-0.20559604
1.8686744,0.7086837,12.021287
0.2514024,0.15765914,-0.2247708
1.6603789,0.78410107,11.264719
0.350472,0.21518342,-0.23861924
1.4688427,0.866701,10.475829
0.4314321,0.26418558,-0.24820662
1.3036429,1.0103531,9.615114
0.4857606,0.29507825,-0.25566345
1.1384429,1.1719618,8.801085
0.5134575,0.3089267,-0.26844665
0.8391677,1.3922282,7.433996
0.48043427,0.29933932,-0.2876214
0.8391677,1.3922282,7.433996
0.48043427,0.29933932,-0.2876214
0.6500258,1.4389153,6.9503675
0.4282363,0.2727077,-0.29827404
0.45848963,1.4197617,6.609194
0.35792887,0.23755397,-0.30786142
0.30047232,1.3623008,6.471527
0.27696875,0.19281286,-0.3153183
0.19752164,1.3060371,6.467936
0.19387813,0.14061491,-0.3153183
0.1340753,1.2497733,6.5816603
0.1107875,0.08522116,-0.31318775
0.11971009,1.1647792,6.8653736
0.033023197,0.02876214,-0.30786142
0.15322891,1.0618285,7.2699933
-0.033023197,-0.018109497,-0.30253512
0.20829555,0.9552865,7.7248917
-0.08841695,-0.054328486,-0.29507825
0.2885013,0.8810662,8.186973
-0.1257012,-0.07989483,-0.28442562
0.4201824,0.80086046,8.640674
-0.1438107,-0.0958738,-0.27377295
0.5530606,0.78769237,8.973468
-0.14594123,-0.10226539,-0.26844665
0.6727707,0.78050977,9.247604
-0.13422333,-0.09267801,-0.26312032
0.6727707,0.78050977,9.247604
-0.13422333,-0.09267801,-0.26312032
0.7613561,0.7637503,9.375694
-0.11504856,-0.07137272,-0.25885928
0.8403648,0.78050977,9.287108
-0.09054748,-0.040480047,-0.257794
0.89064306,0.80564886,9.048885
-0.066046394,-0.00958738,-0.2545982
0.9804256,0.8331822,8.756793
-0.053263225,0.015978966,-0.25566345
0.91697925,0.8690952,8.474277
-0.049002163,0.03089267,-0.25992453
0.8583213,0.89064306,8.286332
-0.054328486,0.034088463,-0.26312032
0.82240826,0.90740246,8.201338
-0.066046394,0.034088463,-0.26312032
0.78529817,0.92895025,8.163031
-0.080960095,0.03834952,-0.25992453
0.7398083,0.9540894,8.15106
-0.096939065,0.049002163,-0.25672874
0.6847417,0.9995792,8.176199
-0.112918034,0.05752428,-0.2514024
0.6667852,1.0737995,8.2037325
-0.12463594,0.068176925,-0.24501082
0.6979098,1.1348516,8.190564
-0.12996227,0.0777643,-0.24074976
0.6979098,1.1348516,8.190564
-0.12996227,0.0777643,-0.24074976
0.6584055,1.1779473,8.141483
-0.13528858,0.09374327,-0.23755397
0.62249243,1.2126632,8.11395
-0.14168017,0.112918034,-0.23542345
0.58538234,1.2605472,8.098388
-0.14807177,0.13528858,-0.23222765
0.59974754,1.3132197,8.049306
-0.1555286,0.16085494,-0.22796659
0.60693014,1.377863,8.062474
-0.165116,0.18961707,-0.2247708
0.533907,1.389834,7.9714947
-0.17470337,0.21411815,-0.2247708
0.44532153,1.3263878,7.799112
-0.18429075,0.23648871,-0.22370553
0.2861071,1.2306197,7.678205
-0.19387813,0.24394555,-0.21731395
0.1592144,1.2126632,7.5680714
-0.2066613,0.23648871,-0.20133498
0.11372458,1.2509704,7.553706
-0.21944448,0.2130529,-0.18002969
0.11611878,1.2246342,7.5788455
-0.23222765,0.1768339,-0.1555286
0.19752164,1.1887212,7.57286
-0.24181503,0.12783173,-0.12783173
0.33638534,1.2749124,7.491457
-0.25353295,0.07137272,-0.096939065
0.44891283,1.3311762,7.2927384
-0.27696875,0.058589544,-0.06498113
0.47046062,1.4269443,7.4208283
-0.31851408,0.04261058,-0.04261058
0.60094464,1.5741876,7.929596
-0.36218992,0.00958738,-0.035153728
0.7493851,1.6376339,8.487445
-0.38242993,-0.01917476,-0.04580637
0.7266402,1.5969325,8.844181
-0.36432046,-0.03089267,-0.06391586
0.60453594,1.5885528,8.921992
-0.3270362,-0.027696876,-0.07243799
0.51235914,1.567005,8.813056
-0.29294774,-0.013848438,-0.070307456
0.51235914,1.567005,8.813056
-0.29294774,-0.013848438,-0.070307456
0.5267244,1.5777789,8.63828
-0.26738137,-0.006391587,-0.0628506
0.61770403,1.6244658,8.475474
-0.2514024,-0.008522116,-0.05965481
0.6967127,1.7082629,8.336611
-0.2428803,-0.01917476,-0.066046394
0.6907272,1.7513585,8.228871
-0.2428803,-0.03195793,-0.07669904
0.6907272,1.7513585,8.228871
-0.2428803,-0.03195793,-0.07669904
0.6596026,1.7046716,8.14268
-0.2514024,-0.043675844,-0.08522116
0.7290344,1.6089035,8.173804
-0.2727077,-0.05219796,-0.08841695
0.79367787,1.4903905,8.37013
-0.30040458,-0.06178534,-0.08841695
0.7649474,1.3371617,8.696938
-0.330232,-0.066046394,-0.08628642
0.6607997,1.1815386,9.053674
-0.3472762,-0.05965481,-0.082025364
0.59615624,1.0761937,9.406818
-0.35153726,-0.03834952,-0.06711166
0.5518635,1.033098,9.643845
-0.350472,-0.00958738,-0.049002163
0.49559975,0.94451255,9.840169
-0.34194988,0.02130529,-0.02876214
0.46926352,0.89064306,9.913192
-0.3291667,0.051132694,-0.006391587
0.45010993,0.8439561,9.941922
-0.3121225,0.0777643,0.015978966
0.45729253,0.8331822,9.880871
-0.294013,0.09374327,0.03834952
0.40701428,0.81761986,9.828198
-0.27483824,0.10439592,0.060720075
0.35434186,0.8535329,9.668983
-0.25566345,0.111852765,0.084155895
0.37469256,0.91099375,9.598354
-0.23861924,0.113983296,0.10759171
0.48841715,0.9947908,9.55047
-0.2247708,0.10652645,0.1257012
0.58418524,1.0845734,9.522937
-0.21518342,0.098004326,0.13102753
0.6572084,1.1468226,9.544485
-0.2066613,0.08522116,0.12996227
0.7026982,1.2030864,9.648633
-0.19600865,0.07456851,0.12357068
0.770933,1.2318168,9.673772
-0.18642128,0.070307456,0.10759171
0.8283938,1.2389994,9.610326
-0.18216023,0.06391586,0.08628642
0.8283938,1.2389994,9.610326
-0.18216023,0.06391586,0.08628642
0.7649474,1.2246342,9.609129
-0.18429075,0.05006743,0.06498113
0.7553706,1.1372458,9.520543
-0.19600865,0.039414786,0.043675844
0.688333,1.0450691,9.433155
-0.21944448,0.02130529,0.02876214
0.521936,0.92296475,9.229648
-0.24501082,-0.011717909,0.017044231
0.44771573,0.48602295,7.469909
-0.28122982,-0.11611383,0.012783174
0.50876784,0.82001406,8.043321
-0.34088463,-0.33662358,0.018109497
0.40821138,1.13964,9.67856
-0.40586576,-0.49002165,0.008522116
0.40821138,1.1839328,11.161768
-0.4612595,-0.5230448,0.008522116
0.34476504,0.80325466,11.829751
-0.48043427,-0.44315,0.023435818
0.49440265,0.33518824,12.307394
-0.47510794,-0.3153183,0.04474111
0.8451532,0.10055647,12.5264635
-0.45167214,-0.17257284,0.068176925
1.1145009,0.1352724,12.628217
-0.4165184,-0.043675844,0.080960095
1.0618285,0.23822308,12.656947
-0.36751625,0.060720075,0.083090626
0.90620536,0.35793316,12.423512
-0.30679616,0.14061491,0.082025364
0.78410107,0.39264908,12.039244
-0.24820662,0.20133498,0.08522116
0.7493851,0.40342298,11.572374
-0.2034655,0.25246766,0.094808534
0.7493851,0.40342298,11.572374
-0.2034655,0.25246766,0.094808534
0.724246,0.39264908,11.154586
-0.18429075,0.2972088,0.10972224
0.700304,0.4309563,10.851719
-0.18535602,0.33662358,0.12250541
0.6392518,0.52073884,10.575189
-0.20240025,0.37923414,0.13635385
0.5710171,0.61770403,10.383653
-0.22690132,0.42077947,0.14807177
0.5710171,0.61770403,10.383653
-0.22690132,0.42077947,0.14807177
0.60094464,0.6919243,9.962274
-0.2972088,0.46552056,0.16618125
0.60573304,0.7074866,9.925163
-0.33662358,0.4676511,0.165116
0.5662287,0.7290344,9.952697
-0.37603834,0.46019423,0.15978967
0.50278234,0.7577648,9.93474
-0.40586576,0.43888897,0.14487597
0.45729253,0.7553706,9.85214
-0.42717105,0.39734364,0.12996227
0.51355624,0.7433996,9.6845455
-0.44101948,0.33768883,0.112918034
0.59256494,0.6584055,9.672575
-0.4527374,0.2514024,0.09054748
0.59256494,0.6584055,9.672575
-0.4527374,0.2514024,0.09054748
0.7110779,0.60453594,9.69532
-0.46019423,0.14594123,0.06178534
0.78649527,0.45609543,9.872491
-0.4612595,0.029827405,0.02876214
0.79008657,0.2885013,10.108319
-0.45380265,-0.08735169,-0.004261058
0.8439561,0.09935937,10.358514
-0.44208476,-0.18961707,-0.033023197
0.8631097,-0.1376666,10.717644
-0.4282363,-0.27696875,-0.056459017
0.8451532,-0.36750996,11.022904
-0.40906155,-0.34408042,-0.07563378
0.724246,-0.58897364,11.422736
-0.38456047,-0.3888215,-0.08735169
0.56982,-0.7661445,11.760319
-0.34514567,-0.406931,-0.08735169
0.39743748,-0.90500826,11.978191
-0.2908172,-0.39947417,-0.07243799
0.2789245,-0.9780314,12.022484
-0.221575,-0.36751625,-0.04580637
0.17836803,-1.0163386,11.894394
-0.1470065,-0.31957933,-0.010652645
0.12210429,-0.9564836,11.525687
-0.070307456,-0.25885928,0.029827405
0.08020575,-0.8810662,10.967838
-0.002130529,-0.19600865,0.07350325
0.130484,-0.78410107,10.277111
0.046871636,-0.13315806,0.12357068
0.38187516,-0.51595044,9.785102
0.06178534,-0.06178534,0.165116
0.5770026,-0.30047232,9.26556
0.04474111,0.041545313,0.18429075
0.65242,-0.17597382,8.938752
-0.003195793,0.15339808,0.17576863
0.50397944,-0.22146365,8.9124155
-0.07243799,0.26525086,0.16192019
0.22026655,-0.38067806,9.022549
-0.14913702,0.38242993,0.15659387
0.019153614,-0.50876784,9.13388
-0.21837921,0.49960902,0.16085494
-0.142455,-0.59017074,9.239224
-0.27483824,0.6103965,0.1736381
-0.21547815,-0.59735334,9.31943
-0.31957933,0.6956177,0.19068234
-0.272939,-0.5674258,9.446322
-0.3472762,0.7584683,0.20453078
-0.29807812,-0.5734113,9.459491
-0.3568636,0.7946873,0.21092236
-0.29807812,-0.5734113,9.459491
-0.3568636,0.7946873,0.21092236
-0.23463176,-0.62847793,9.442732
-0.3568636,0.8042747,0.21198763
-0.22026655,-0.62488663,9.270349
-0.34514567,0.79894835,0.20240025
-0.51954174,-0.51954174,9.044097
-0.32597092,0.7669904,0.19281286
-0.7577648,-0.415394,8.89805
-0.30253512,0.70200926,0.1949434
-0.78888947,-0.36032736,8.871715
-0.27377295,0.6199839,0.20240025
-0.7422025,-0.3878607,8.78672
-0.23542345,0.5368933,0.20453078
-0.7350199,-0.4297592,8.589199
-0.18855181,0.45380265,0.2066613
-0.712275,-0.46208093,8.322245
-0.15339808,0.36645097,0.2130529
-0.60094464,-0.39384618,8.111555
-0.13315806,0.28229508,0.221575
-0.36032736,-0.2837129,7.9595237
-0.13209279,0.21092236,0.22583607
-0.09696517,-0.20231004,7.762002
-0.15233281,0.15233281,0.22050974
0.16639702,-0.079008654,7.587225
-0.19068234,0.0958738,0.20240025
0.39624038,-0.01316811,7.5189905
-0.24074976,0.04261058,0.16937704
0.47644615,-0.010773907,7.5848308
-0.2972088,-0.001065265,0.13209279
0.51116204,-0.051475335,7.657854
-0.35473305,-0.023435818,0.09054748
0.30885202,-0.14963761,7.7584105
-0.41438788,-0.014913702,0.056459017
-0.004788403,-0.24660277,7.8972745
-0.47404268,-0.017044231,0.036218993
-0.24899697,-0.36272156,8.121132
-0.5251754,-0.04474111,0.025566347
-0.3184288,-0.5279215,8.415619
-0.5550028,-0.08522116,0.026631612
-0.31004912,-0.6500258,8.613141
-0.5581986,-0.13102753,0.039414786
-0.22385786,-0.6679823,8.77834
-0.5475459,-0.16618125,0.058589544
-0.16998832,-0.62368953,8.787917
-0.53476274,-0.18109496,0.07989483
-0.06464344,-0.5279215,8.659827
-0.5273059,-0.18748654,0.09267801
0.1352724,-0.35553896,8.459911
-0.5305017,-0.20133498,0.096939065
0.1352724,-0.35553896,8.459911
-0.5305017,-0.20133498,0.096939065
0.29688102,-0.16519992,8.392874
-0.55074173,-0.22796659,0.08841695
0.29568392,-0.11731588,8.191761
-0.58909124,-0.26631612,0.06711166
0.17477672,-0.22146365,8.085219
-0.6508766,-0.32170987,0.04474111
0.110133275,-0.37110126,8.316259
-0.7233146,-0.37603834,0.03089267
0.12449849,-0.37469256,8.617929
-0.78936094,-0.4133226,0.017044231
0.10055647,-0.32202014,8.892065
-0.84155893,-0.43249738,0
-0.12569559,-0.31004912,9.109938
-0.8831042,-0.4495416,-0.017044231
-0.45848963,-0.33279404,9.363723
-0.9171927,-0.47191215,-0.026631612
-0.6907272,-0.47165772,9.337387
-0.9438243,-0.52411014,-0.01917476
-0.7469909,-0.6631939,9.405622
-0.9736517,-0.6295713,0.007456851
-0.6655881,-0.60812724,9.636662
-1.0002834,-0.7819041,0.043675844
-0.58897364,-0.4345476,10.014946
-1.0322412,-0.95234644,0.07882957
-0.37229836,-0.32920274,10.675745
-1.0652645,-1.1270498,0.10972224
-0.16160862,-0.25977087,11.6430025
-1.0865698,-1.3038837,0.13741912
0.19393034,-0.21787235,12.878411
-1.0887003,-1.4658039,0.16937704
0.78290397,-0.1340753,14.170083
-1.0652645,-1.6074841,0.19920446
1.5239093,-0.031124622,15.460558
-1.0183928,-1.7235979,0.21837921
2.2529438,0.094570965,16.643293
-0.9491506,-1.8056233,0.21837921
2.8886044,0.21547815,17.744625
-0.86179894,-1.8620822,0.20240025
3.4967315,0.2861071,18.907011
-0.7669904,-1.8855181,0.18109496
4.0497923,0.22266077,19.888634
-0.67324716,-1.8599517,0.15339808
4.5418005,0.1376666,20.554222
-0.588026,-1.7704695,0.12144015
4.894945,-0.079008654,21.092916
-0.5230448,-1.6468989,0.08522116
4.924873,-0.4237737,21.732168
-0.479369,-1.5052186,0.051132694
4.924873,-0.4237737,21.732168
-0.479369,-1.5052186,0.051132694
4.560954,-0.94451255,22.301989
-0.4463458,-1.3624732,0.03195793
4.1060557,-1.6436194,23.233334
-0.4165184,-1.2175972,0.049002163
3.7984009,-2.208651,23.700203
-0.37390783,-1.0365024,0.10226539
3.9923313,-2.597709,24.422054
-0.32170987,-0.83942837,0.18002969
4.2916064,-2.7210102,24.702175
-0.25033715,-0.6199839,0.25033715
4.571728,-2.802413,25.256433
-0.17257284,-0.42717105,0.29294774
4.7740383,-3.0621839,25.719711
-0.07882957,-0.23755397,0.30999196
4.9416323,-3.4715924,25.98427
0.04580637,-0.09054748,0.29827404
5.057751,-3.904943,26.556486
0.19707392,0.012783174,0.26205507
4.653131,-4.164714,26.947937
0.39521313,0.08841695,0.21092236
4.056975,-4.4687777,27.454311
0.6359629,0.13848437,0.16831179
3.0310593,-4.644751,26.878506
0.9129316,0.17896444,0.15446335
3.5051112,-5.448006,26.294321
1.180313,0.1917476,0.17896444
4.083311,-6.0728927,26.250027
1.4498249,0.2034655,0.16937704
3.6631286,-6.06571,25.945963
1.7512947,0.2695119,0.12996227
3.1962593,-5.875371,25.11757
2.0676782,0.3536678,0.112918034
3.1735144,-5.852626,24.071304
2.368083,0.40373522,0.11930962
3.309984,-5.9124813,22.973562
2.641856,0.41545314,0.11930962
3.2309752,-5.889736,21.666328
2.8889973,0.406931,0.10013486
3.1004913,-5.795165,20.2322
3.0999196,0.36645097,0.07669904
3.0621839,-5.674258,18.958487
3.2629051,0.30253512,0.05965481
2.9975405,-5.554548,17.879898
3.3843453,0.22796659,0.037284255
2.8646624,-5.4061074,16.895882
3.468501,0.14168017,0.013848438
2.8167782,-5.306748,16.666039
3.5260253,0.0777643,-0.008522116
2.621651,-5.0493712,15.781381
3.6069853,0.054328486,-0.036218993
2.552219,-4.6926355,14.664485
3.6751623,0.002130529,-0.058589544
2.657564,-4.3478703,14.246697
3.7156425,-0.0628506,-0.08522116
2.5187001,-3.7936125,13.095086
3.755057,-0.128897,-0.13315806
2.7138276,-3.2752678,12.631808
3.7710361,-0.22583607,-0.18429075
2.8072014,-2.7700913,11.787852
3.7838194,-0.27696875,-0.25353295
2.9400797,-2.3942018,11.068395
3.7721014,-0.32384038,-0.3291667
2.980781,-2.0638018,10.821792
3.7294908,-0.3153183,-0.4133226
2.731784,-1.7681179,9.908403
3.6836846,-0.28122982,-0.5049353
2.7712884,-1.6819267,9.574412
3.6123118,-0.26631612,-0.5816344
2.6144683,-1.5813702,8.395268
3.540939,-0.2514024,-0.664725
2.802413,-1.4664485,8.599973
3.4429348,-0.26525086,-0.7488809
2.5486276,-1.2389994,9.11712
3.3811493,-0.22370553,-0.8543421
1.8447324,-1.2030864,9.108741
3.3619747,-0.17257284,-0.95447695
1.2916719,-1.508347,8.76637
3.3502567,-0.13528858,-1.0279802
0.7529764,-1.6759412,8.576031
3.3300166,-0.11611383,-1.0759171
0.24420857,-1.6112977,8.558074
3.310842,-0.113983296,-1.099353
0.14844051,-1.5011644,8.429984
3.307646,-0.11930962,-1.0982877
0.33518824,-1.4856021,8.119935
3.3161683,-0.12676647,-1.087635
0.4441244,-1.4999673,7.752425
3.3172336,-0.14168017,-1.0823087
0.58298814,-1.4915876,7.632715
3.3012545,-0.17150758,-1.0801781
0.91817635,-1.5442601,8.06008
3.2852757,-0.21837921,-1.0823087
1.2940661,-1.638831,9.141062
3.2874062,-0.26312032,-1.0972224
1.4760253,-1.7872716,10.170568
3.3353431,-0.27164245,-1.1249193
1.7764976,-2.1272483,10.813412
3.4312167,-0.23542345,-1.1579424
1.7729063,-2.5234885,10.649409
3.5665054,-0.16618125,-1.1973573
1.9788077,-2.767697,10.362105
3.7103162,-0.12463594,-1.2357068
2.408567,-2.835932,10.040085
3.858388,-0.08841695,-1.2857742
2.6252422,-2.885013,9.382876
4.019243,-0.066046394,-1.365669
2.7820623,-3.0262709,8.511387
4.186489,-0.07456851,-1.470065
2.8263552,-3.276465,7.5333557
4.3473444,-0.10013486,-1.587244
2.6001031,-3.6260185,6.645107
4.4826326,-0.1257012,-1.7097495
2.146402,-3.9624038,5.947197
4.5859632,-0.14594123,-1.824798
1.5801731,-4.226963,5.3247046
4.6658583,-0.1470065,-1.9259981
1.043872,-4.406528,4.5801077
4.7276435,-0.12357068,-2.0037625
0.5434838,-4.578911,3.7373488
4.760667,-0.07350325,-2.0570257
0.05626374,-4.8135424,2.7748797
4.7596016,0.011717909,-2.0857878
-0.46327803,-5.0254292,1.7896658
4.725513,0.1257012,-2.0900488
-1.0977415,-5.17387,0.9708488
4.656271,0.257794,-2.0634172
-1.7010803,-5.201403,0.2693477
4.572115,0.3920173,-2.0037625
-2.2385786,-5.1319714,-0.35194764
4.4783716,0.5187838,-1.917476
-2.6671407,-4.972757,-1.0007763
4.382498,0.6466155,-1.8120148
-3.0765493,-4.745308,-1.7764976
4.279167,0.7701862,-1.6905746
-3.4356794,-4.4963107,-2.504335
4.165184,0.8767126,-1.5563514
-3.654749,-4.19943,-3.2034419
4.0458746,0.97045594,-1.4082797
-3.690662,-3.7660792,-3.8247373
3.923369,1.0450244,-1.2538162
-3.5661635,-3.2345665,-4.3047748
3.8008635,1.103614,-1.0972224
-3.3734303,-2.6408045,-4.698621
3.6932719,1.160073,-0.94595486
-3.3734303,-2.6408045,-4.698621
3.6932719,1.160073,-0.94595486
-3.0178912,-1.9955671,-5.29358
3.597398,1.2218584,-0.7957525
-2.3750482,-1.2449849,-6.1159883
3.516438,1.2879047,-0.6583334
-1.6292542,-0.35793316,-7.289147
3.4312167,1.3443637,-0.54648066
-0.9660604,0.58418524,-8.585608
3.3268209,1.3901701,-0.46871635
-0.4297592,1.4772224,-9.844957
3.193663,1.4146712,-0.43036684
-0.089782566,2.2864625,-11.033679
3.0381343,1.4093449,-0.4293016
0.038307227,2.9963434,-12.051214
2.863431,1.3677995,-0.45806372
-0.06823475,3.5470097,-12.929886
2.6802053,1.2942963,-0.50600064
-0.06823475,3.5470097,-12.929886
2.6802053,1.2942963,-0.50600064
-1.0474633,4.2700586,-14.389153
2.2807312,1.0535465,-0.6306366
-1.0474633,4.2700586,-14.389153
2.2807312,1.0535465,-0.6306366
-1.8052281,4.450821,-14.684836
2.0708742,0.8905611,-0.6849651
-2.4959552,4.537012,-14.847642
1.8642128,0.71159667,-0.71798825
-2.4959552,4.537012,-14.847642
1.8642128,0.71159667,-0.71798825
-3.846285,4.614824,-15.148114
1.474326,0.32597092,-0.7094661
-4.414908,4.605247,-15.205575
1.2783173,0.15233281,-0.664725
-4.807557,4.584896,-15.5599165
1.0791129,0.008522116,-0.588026
-5.0026846,4.572925,-16.025589
0.86179894,-0.11611383,-0.48682585
-4.9188876,4.6495395,-16.476896
0.61678815,-0.21198763,-0.36645097
-4.703409,4.7201686,-16.9294
0.33768883,-0.27164245,-0.2396845
-4.437653,4.8099513,-17.168821
0.023435818,-0.29827404,-0.112918034
-4.200627,4.7907977,-17.176003
-0.31957933,-0.30360037,0.005326322
-4.000711,4.6363716,-16.753426
-0.6775082,-0.29827404,0.11611383
-4.000711,4.6363716,-16.753426
-0.6775082,-0.29827404,0.11611383
-3.8247373,4.3418846,-16.20276
-1.0290455,-0.28868666,0.21837921
-3.6367924,4.0019083,-15.500062
-1.3571469,-0.2876214,0.31638354
-3.3686419,3.70383,-14.85243
-1.6586168,-0.30466563,0.4048005
-3.0597897,3.3913867,-14.338874
-1.9398465,-0.34408042,0.47830373
-2.7964275,3.1268275,-13.834894
-2.2093585,-0.4079963,0.53795856
-2.4971523,2.8048072,-13.232753
-2.4746094,-0.4910869,0.58269966
-2.4971523,2.8048072,-13.232753
-2.4746094,-0.4910869,0.58269966
-2.2397757,2.4372973,-12.400767
-2.7334685,-0.5965481,0.6146576
-2.0697873,1.9548657,-11.113884
-2.9742184,-0.7233146,0.6348976
-2.0159178,1.496376,-9.560047
-3.1819448,-0.83516735,0.6487461
-2.134431,1.0295067,-8.046912
-3.3438652,-0.9150622,0.6679208
-2.243367,0.5554548,-6.803124
-3.4621096,-0.95234644,0.7030745
-2.2278047,0.15083471,-5.7377043
-3.5558527,-0.93849796,0.7499462
-2.244564,-0.2789245,-4.697424
-3.649596,-0.87564737,0.80533993
-2.384625,-0.7266402,-3.6475663
-3.7486656,-0.75420725,0.8671253
-2.6060886,-1.2605472,-2.8311436
-3.842409,-0.58909124,0.9395633
-2.777274,-1.7980455,-2.3427265
-3.9286952,-0.41864893,1.031176
-2.8455088,-2.1643584,-2.0350714
-4.019243,-0.28016454,1.1387677
-2.634819,-2.3463178,-1.6950948
-4.1183124,-0.18961707,1.2506205
-2.2613235,-2.348712,-1.0977415
-4.225904,-0.15020229,1.3518206
-1.7477672,-2.172738,-0.37229836
-4.3292346,-0.1438107,1.4359765
-0.90500826,-1.8579005,0.19632454
-4.415521,-0.17044231,1.4892397
0.32441434,-1.4101849,0.7206547
-4.4815674,-0.24607609,1.5073493
1.661576,-0.8571242,1.5011644
-4.535896,-0.36325517,1.4689997
2.7449522,-0.32202014,2.5139117
-4.5838327,-0.48469532,1.3677995
3.3626564,-0.020350715,3.3925838
-4.620052,-0.57417756,1.216532
3.5422213,-0.061052144,3.9959226
-4.648814,-0.6402239,1.0460896
3.4763808,-0.16879122,4.537012
-4.6743803,-0.7030745,0.8873653
3.632004,-0.15203181,5.4192758
-4.7074037,-0.7914915,0.7520767
3.9097314,0.015562311,6.907272
-4.7414923,-0.91186637,0.6263755
3.9552212,0.23343466,9.053674
-4.752145,-1.0365024,0.49960902
3.857059,0.37469256,11.573571
-4.699947,-1.1323761,0.37390783
3.762488,0.4297592,13.979744
-4.5540056,-1.1930962,0.26631612
3.6260185,0.4441244,15.823279
-4.3036685,-1.2282499,0.1917476
3.5625722,0.5650316,16.941372
-3.9755669,-1.2495552,0.15233281
3.6487634,0.80804306,17.593792
-3.617638,-1.2602079,0.14061491
3.879804,1.103727,17.73026
-3.2597091,-1.2442288,0.14168017
3.879804,1.103727,17.73026
-3.2597091,-1.2442288,0.14168017
4.096479,1.436521,17.336414
-2.9305425,-1.1952267,0.15020229
4.24492,1.6639702,16.59062
-2.6589,-1.1195929,0.15765914
4.4544125,1.8004397,15.818491
-2.469283,-1.026915,0.16298546
4.8267107,1.8219875,15.1696615
-2.3755398,-0.95234644,0.16831179
4.8267107,1.8219875,15.1696615
-2.3755398,-0.95234644,0.16831179
5.2049947,1.8543092,14.841657
-2.3638217,-0.89162636,0.17257284
5.5820813,1.8938135,14.838065
-2.4160197,-0.829841,0.17576863
5.9029045,1.970428,15.148114
-2.505502,-0.7680557,0.17044231
6.2141504,1.9800048,15.659276
-2.606702,-0.7105314,0.15659387
6.4906807,1.9692309,16.390705
-2.6961844,-0.68389976,0.13528858
6.6067996,1.9716251,17.391481
-2.7569044,-0.69135666,0.10439592
6.6067996,1.9716251,17.391481
-2.7569044,-0.69135666,0.10439592
6.787562,1.9931729,18.63048
-2.7686224,-0.7052051,0.066046394
6.9719152,2.088941,19.9856
-2.722816,-0.7105314,0.014913702
7.100005,2.1655555,20.991163
-2.6173549,-0.7041398,-0.054328486
6.943185,2.2014685,21.66992
-2.4650218,-0.7030745,-0.13528858
6.5469446,2.1619642,22.175097
-2.2860575,-0.6956177,-0.21624869
6.1004257,2.042254,22.16552
-2.0953753,-0.664725,-0.28655612
5.708974,1.8614918,21.854273
-1.9153455,-0.59867865,-0.33981937
5.3402667,1.6328455,21.161152
-1.7619474,-0.5091964,-0.3749731
4.831499,1.4856021,20.494366
-1.6575515,-0.41758367,-0.39521313
4.2940006,1.4089876,20.29086
-1.6042882,-0.33129725,-0.39947417
3.750517,1.3730747,20.451271
-1.5851135,-0.221575,-0.39095205
3.2944214,1.3754689,20.802021
-1.5712651,-0.06498113,-0.36751625
2.8802247,1.3204023,20.913351
-1.5350461,0.1470065,-0.33129725
2.4995465,1.2509704,20.617668
-1.478587,0.3898868,-0.2790993
2.1272483,1.1935096,19.776106
-1.4050838,0.62317973,-0.2066613
1.8662802,1.2318168,18.814835
-1.3401027,0.8149273,-0.12357068
1.8662802,1.2318168,18.814835
-1.3401027,0.8149273,-0.12357068
1.7776948,1.4341269,17.996017
-1.2974921,0.9683254,-0.040480047
1.8543092,1.7142484,17.257406
-1.2697952,1.0929613,0.03089267
1.8543092,1.7142484,17.257406
-1.2697952,1.0929613,0.03089267
2.3451207,2.2864625,15.67005
-1.2239889,1.2133362,0.101200126
2.9029696,2.4349031,14.866796
-1.1952267,1.1771172,0.09267801
3.514688,2.5486276,14.318523
-1.1664646,1.0663297,0.043675844
3.8594532,2.694674,14.056358
-1.1451592,0.9012137,-0.04580637
3.9145198,2.7940333,14.086286
-1.1323761,0.72437984,-0.16618125
3.7852328,2.7341783,14.215572
-1.1163971,0.56245965,-0.30253512
3.4596214,2.4779987,14.243106
-1.0950918,0.43675843,-0.44208476
3.2225955,2.007538,14.211981
-1.067395,0.32277513,-0.57098174
3.2225955,2.007538,14.211981
-1.067395,0.32277513,-0.57098174
2.8874073,1.5526398,14.298173
-1.0375676,0.1949434,-0.67963874
1.7597382,0.81642276,14.9889
-0.958738,-0.034088463,-0.8064052
1.7597382,0.81642276,14.9889
-0.958738,-0.034088463,-0.8064052
1.3204023,0.4417302,15.374366
-0.89588743,-0.098004326,-0.81918836
0.9744401,0.16280572,15.814899
-0.809601,-0.12463594,-0.80107886
0.7386112,0.019153614,16.059109
-0.69774824,-0.10865697,-0.7595336
0.5398925,-0.045489833,15.940595
-0.57311225,-0.056459017,-0.69668293
0.45968673,-0.06584055,15.589845
-0.4495416,0.015978966,-0.6199839
0.545878,0.021547815,15.119384
-0.33981937,0.09054748,-0.53263223
0.60812724,0.17717093,14.61301
-0.24607609,0.16618125,-0.4495416
0.62129533,0.40342298,14.003686
-0.17257284,0.2514024,-0.37284255
0.6919243,0.6500258,13.376405
-0.12144015,0.34301516,-0.30786142
0.78290397,0.89782566,12.649765
-0.09054748,0.43782368,-0.25353295
0.82121116,1.103727,11.897985
-0.083090626,0.51452273,-0.21411815
0.88944596,1.2294226,11.295844
-0.0958738,0.5635249,-0.1917476
1.1528081,1.42455,10.801441
-0.13528858,0.5816344,-0.18855181
1.1528081,1.42455,10.801441
-0.13528858,0.5816344,-0.18855181
1.2066777,1.4975731,10.737994
-0.14061491,0.567786,-0.20772657
1.2078748,1.4927847,10.672154
-0.13315806,0.54648066,-0.23648871
1.127669,1.471237,10.451887
-0.11504856,0.51665324,-0.2695119
0.9576807,1.412579,10.19451
-0.094808534,0.47723848,-0.30360037
0.7015011,1.2976574,9.919178
-0.080960095,0.43249738,-0.32810146
0.41180268,1.1911154,9.655815
-0.07989483,0.386691,-0.34088463
0.05865794,1.0905589,9.570822
-0.09374327,0.34514567,-0.33981937
-0.24181437,0.92655605,9.564836
-0.11611383,0.32170987,-0.32490566
-0.50397944,0.7350199,9.481039
-0.13741912,0.30786142,-0.294013
-0.6679823,0.50637364,9.500193
-0.15659387,0.28442562,-0.25033715
-0.6811504,0.34476504,9.625888
-0.16618125,0.24927188,-0.19387813
-0.51834464,0.34356794,9.745598
-0.16618125,0.2034655,-0.12996227
-0.2741361,0.4333505,9.873688
-0.1587244,0.14913702,-0.06711166
-0.002394202,0.5518635,9.996989
-0.14594123,0.084155895,-0.00958738
0.32202014,0.7158663,10.155006
-0.128897,0.015978966,0.039414786
0.5530606,0.8583213,10.172963
-0.10546118,-0.04474111,0.07243799
0.6667852,0.94570965,10.1621895
-0.0777643,-0.094808534,0.09161274
0.7038953,0.94810385,10.0664215
-0.05539375,-0.13209279,0.10013486
0.6596026,0.93493575,9.938332
-0.041545313,-0.1555286,0.10865697
0.6835446,0.8726865,9.737218
-0.037284255,-0.17257284,0.12463594
0.6835446,0.8726865,9.737218
-0.037284255,-0.17257284,0.12463594
0.7553706,0.80804306,9.794679
-0.04580637,-0.20133498,0.16618125
0.8690952,0.7685388,10.060435
-0.037284255,-0.19707392,0.18535602
1.2389994,0.80445176,10.764331
-0.00958738,-0.18642128,0.20026971
1.4532804,0.9516952,11.016919
0.040480047,-0.18109496,0.20772657
1.5634137,1.1073183,11.062409
0.111852765,-0.18322548,0.2066613
1.7633295,1.2677298,10.819398
0.19920446,-0.18109496,0.19281286
2.0901382,1.4149733,10.360908
0.28868666,-0.16831179,0.17044231
2.4241292,1.5478514,9.788693
0.3685815,-0.14913702,0.13102753
2.566584,1.733402,9.16261
0.43036684,-0.13848437,0.066046394
2.4372973,1.9668367,8.562862
0.46871635,-0.15020229,-0.026631612
2.1583729,2.2349873,8.078036
0.48469532,-0.18216023,-0.13528858
1.8363527,2.3307555,7.631518
0.47830373,-0.23755397,-0.24714136
1.472434,2.348712,7.5561004
0.4527374,-0.30999196,-0.35153726
1.0690111,2.136825,7.5549035
0.40586576,-0.39414784,-0.43888897
0.6931214,1.8902222,7.563283
0.3568636,-0.46871635,-0.5070659
0.45968673,1.6651673,7.7799582
0.3089267,-0.53476274,-0.5486112
0.36990416,1.471237,8.145074
0.26631612,-0.59122175,-0.56672066
0.31483752,1.2844892,8.401254
0.22796659,-0.62104917,-0.5613944
0.31004912,1.0905589,8.582016
0.1917476,-0.61678815,-0.54435015
0.37588966,0.9576807,8.659827
0.15659387,-0.59761333,-0.51665324
0.4381389,0.8774749,8.793902
0.1257012,-0.5858955,-0.48043427
0.521936,0.89662856,8.972271
0.10333065,-0.59122175,-0.43995422
0.6548142,1.0462662,9.064447
0.08948222,-0.6061355,-0.4016047
0.830788,1.2617443,8.980651
0.083090626,-0.6146576,-0.36964676
0.9672575,1.5813702,8.8884735
0.070307456,-0.6040049,-0.3472762
1.1228806,1.8866309,8.822633
0.040480047,-0.57311225,-0.33449304
1.1815386,2.1667526,8.917204
-0.008522116,-0.52411014,-0.3334278
1.1994951,2.421735,9.205706
-0.07563378,-0.46019423,-0.34088463
1.1252748,2.7246015,9.483433
-0.15339808,-0.3685815,-0.3536678
1.009156,2.9963434,9.720459
-0.29507825,-0.10226539,-0.3717773
0.9672575,3.2908301,9.582792
-0.29507825,-0.10226539,-0.3717773
0.9552865,3.3650506,9.497798
-0.34088463,0.035153728,-0.36751625
1.1061212,3.2237926,8.99741
-0.37603834,0.13528858,-0.35579833
1.376666,2.814384,8.724471
-0.39734364,0.13422333,-0.33662358
1.6053122,2.3750482,8.59279
-0.39947417,0.018109497,-0.36218992
1.6124948,2.0350714,8.72088
-0.38456047,-0.14168017,-0.41225734
1.3742718,1.8602947,9.038112
-0.34301516,-0.32277513,-0.47191215
0.9636662,1.7429788,9.221268
-0.27696875,-0.5006743,-0.5187838
0.51355624,1.780089,9.412804
-0.19813919,-0.67218184,-0.5368933
0.25258827,1.8387469,9.539697
-0.111852765,-0.8277105,-0.52837116
0.20709845,1.9608512,9.628283
-0.033023197,-0.9651296,-0.49960902
0.45010993,1.9512744,9.765948
0.026631612,-1.0684602,-0.46552056
0.7781156,1.7753005,9.764751
0.05539375,-1.1089402,-0.4346279
1.0594343,1.5502456,9.79827
0.05006743,-1.0780476,-0.4111921
1.2940661,1.364695,9.995792
0.011717909,-0.9821738,-0.38562572
1.5406688,1.2354081,10.487801
-0.0479369,-0.8341021,-0.35899413
1.8650831,1.2054806,10.976217
-0.113983296,-0.65726817,-0.33129725
2.1906946,1.2545617,11.550826
-0.1768339,-0.46552056,-0.3089267
2.4552538,1.2904748,11.902774
-0.2247708,-0.25885928,-0.30253512
2.6850972,1.2988545,12.158954
-0.25672874,-0.046871636,-0.3110572
2.7593174,1.3215994,12.384008
-0.27164245,0.15659387,-0.33449304
2.7617116,1.3311762,12.58991
-0.26418558,0.32384038,-0.3653857
2.6479871,1.2964603,12.692861
-0.23222765,0.4463458,-0.4048005
2.4624364,1.2246342,12.388797
-0.18002969,0.5656554,-0.44315
1.9237411,1.1563994,11.481394
-0.13209279,0.6956177,-0.47830373
0.9876082,1.1121067,10.633847
-0.11611383,0.777643,-0.49854377
0.001197101,1.1240777,10.060435
-0.13102753,0.8000136,-0.48682585
-0.7170634,1.186327,9.787497
-0.16831179,0.8213189,-0.44101948
-0.8690952,1.1695676,9.871294
-0.20453078,0.8266452,-0.37071204
-0.8690952,1.1695676,9.871294
-0.20453078,0.8266452,-0.37071204
-0.7170634,1.0426749,10.155006
-0.21731395,0.8127968,-0.294013
-0.30645782,0.94331545,10.498574
-0.19600865,0.7882957,-0.2247708
0.037110128,0.8690952,10.522516
-0.14913702,0.76272935,-0.16937704
0.30645782,0.8714894,10.30225
-0.08841695,0.7275756,-0.13102753
0.58657944,0.9720459,9.787497
-0.03195793,0.66365975,-0.10546118
0.9576807,1.1216835,9.694122
0.00958738,0.5539375,-0.09374327
0.9576807,1.1216835,9.694122
0.00958738,0.5539375,-0.09374327
1.6759412,1.3922282,9.884461
0.049002163,0.43356264,-0.113983296
2.3020248,1.7262194,10.571598
0.10652645,0.35153726,-0.18855181
2.5725696,2.1871033,10.773908
0.19387813,0.34301516,-0.3121225
2.480393,2.6791117,10.710462
0.2759035,0.30679616,-0.46658584
2.3127987,3.0178912,10.619482
0.3270362,0.22796659,-0.62317973
2.2002714,3.1256304,10.912771
0.34940675,0.18002969,-0.7701862
2.493561,3.003526,10.997766
0.36964676,0.1949434,-0.9139969
2.7844565,2.7042508,10.928333
0.38242993,0.25992453,-1.0588728
2.585738,2.2864625,10.290278
0.36325517,0.350472,-1.1888351
2.0937295,2.018312,9.36492
0.3089267,0.3568636,-1.2729911
1.5047557,1.79206,9.076419
0.2428803,0.2428803,-1.3070794
0.90620536,1.3587095,9.398438
0.1768339,0.08948222,-1.2996227
0.59136784,0.92296475,9.763555
0.11930962,-0.04580637,-1.24849
0.38067806,0.59376204,10.111911
0.06498113,-0.165116,-1.1685951
0.2657564,0.427365,10.70687
0.011717909,-0.27696875,-1.0684602
0.18315643,0.34715924,11.574768
-0.02130529,-0.3717773,-0.96299905
0.19512744,0.34356794,12.506113
-0.014913702,-0.43036684,-0.85327685
0.29568392,0.37588966,13.384785
0.036218993,-0.4282363,-0.7456851
0.12250541,-0.36325517,-0.6412892
0.3878607,0.39145198,13.6254015
0.4261679,0.37349546,13.348871
0.2130529,-0.257794,-0.53263223
0.4261679,0.37349546,13.348871
0.2130529,-0.257794,-0.53263223
0.46208093,0.35314476,12.023681
0.3291667,-0.024501082,-0.28975195
0.5255273,0.3878607,11.633426
0.3472762,0.05965481,-0.15233281
0.7541735,0.56982,11.548432
0.35579833,0.1555286,-0.01917476
1.0247183,0.79966336,11.180922
0.37816888,0.30146983,0.08522116
1.258153,1.0845734,10.53329
0.4101268,0.46232477,0.15020229
1.3682863,1.3311762,9.710882
0.43782368,0.588026,0.17576863
1.3204023,1.4784195,8.957906
0.44421527,0.65726817,0.17470337
1.1109096,1.4664485,8.429984
0.43569317,0.66365975,0.16085494
0.94451255,1.3634979,8.153454
0.4282363,0.628506,0.14913702
0.830788,1.2018893,7.856573
0.42290998,0.57417756,0.14487597
0.79128367,1.0570401,7.5764513
0.41225734,0.51026165,0.14487597
0.81642276,0.9816227,7.337031
0.39095205,0.43675843,0.14061491
1.4939818,0.7625532,7.3849154
0.36112466,0.3472762,0.12996227
1.4939818,0.7625532,7.3849154
0.36112466,0.3472762,0.12996227
2.0470424,0.7194576,7.771579
0.3387541,0.2545982,0.084155895
1.8782512,0.9804256,8.038532
0.3334278,0.17470337,0.012783174
1.3395559,1.4616601,8.230068
0.3334278,0.13315806,-0.046871636
0.79607207,1.9297266,8.37372
0.33129725,0.11824436,-0.080960095
0.38067806,2.2589293,8.455123
0.32277513,0.10759171,-0.08628642
0.18674773,2.4169466,8.446744
0.30253512,0.09054748,-0.06924219
0.1316811,2.3139958,8.42759
0.27377295,0.06924219,-0.0479369
0.21906945,2.111686,8.457518
0.23861924,0.04580637,-0.024501082
0.4237737,1.9165585,8.574833
0.20133498,0.040480047,-0.007456851
0.6476316,1.7046716,8.588001
0.16298546,0.068176925,0.001065265
0.6476316,1.7046716,8.588001
0.16298546,0.068176925,0.001065265
0.8463503,1.5717934,8.435969
0.12037488,0.12357068,0.005326322
0.8607155,1.4341269,8.204929
0.07243799,0.18109496,0.012783174
0.78170687,1.3311762,7.869741
0.014913702,0.22583607,0.033023197
0.6943185,1.3443443,7.577648
-0.053263225,0.25353295,0.0628506
0.6596026,1.459266,7.443573
-0.13528858,0.26312032,0.10013486
0.7086837,1.614889,7.502231
-0.22796659,0.2727077,0.13102753
0.91937345,1.5705963,7.5321584
-0.3270362,0.30040458,0.15339808
1.1312603,1.5011644,7.705738
-0.4346279,0.35153726,0.15659387
1.3000516,1.4820108,7.8793178
-0.54435015,0.4250405,0.14807177
1.411382,1.4257472,8.040926
-0.64768076,0.52624065,0.12996227
1.3934253,1.4185646,8.516175
-0.75101143,0.6540724,0.1107875
1.3479356,1.4975731,8.921992
-0.84155893,0.80107886,0.09267801
1.292869,1.5382746,9.344569
-0.9054748,0.9374327,0.07350325
1.2330139,1.6232687,9.871294
-0.9374327,1.055677,0.05219796
1.1563994,1.7345991,10.389638
-0.93423694,1.1504856,0.029827405
1.0283096,1.8614918,10.773908
-0.8905611,1.2101405,0.001065265
0.82240826,1.9871874,11.063606
-0.8064052,1.2325109,-0.03089267
0.5710171,2.0350714,11.137826
-0.69135666,1.2261194,-0.06711166
0.2777274,2.0278888,10.977415
-0.55287224,1.1899004,-0.10226539
0.001197101,1.9369092,10.69849
-0.39947417,1.1270498,-0.13102753
-0.2861071,1.8938135,10.2495775
-0.24607609,1.0503508,-0.14913702
-0.5303157,1.8782512,9.7324295
-0.10226539,0.96939063,-0.15659387
-0.93852705,1.9285295,9.2308445
0.018109497,0.88843054,-0.15020229
-1.0773908,1.9045875,8.321048
0.11611383,0.8000136,-0.12037488
-0.89064306,1.7609353,7.4974427
0.17044231,0.6764429,-0.084155895
-0.6619968,1.4903905,7.061698
0.16831179,0.53263223,-0.05752428
-0.48003745,1.2270284,7.091625
0.12676647,0.39840892,-0.037284255
-0.37110126,1.079785,7.273585
0.07137272,0.30253512,-0.013848438
-0.39863458,1.021127,7.5441294
0.014913702,0.24181503,0.013848438
-0.4165911,1.0881647,7.7488337
-0.039414786,0.19920446,0.04474111
-0.36990416,1.2761095,8.042124
-0.09054748,0.16085494,0.07669904
-0.31004912,1.4748282,8.480263
-0.13848437,0.14061491,0.096939065
-0.031124622,1.364695,8.53892
-0.17470337,0.13848437,0.10652645
0.20470424,1.2904748,9.075222
-0.21198763,0.11717909,0.10013486
0.17477672,1.6041151,10.09156
-0.23222765,0.1257012,0.084155895
0.23942018,1.9117701,10.5704
-0.20026971,0.1917476,0.07563378
0.36631286,2.0733786,10.688913
-0.14274544,0.25566345,0.058589544
0.51355624,2.0458453,10.676943
-0.0777643,0.29188246,0.01917476
0.58418524,1.9177556,10.70687
-0.018109497,0.33129725,-0.034088463
0.51714754,1.7274165,10.697293
0.034088463,0.40586576,-0.09161274
0.25737667,1.4736311,10.475829
0.07669904,0.51771855,-0.13422333
-0.046686932,1.2737153,10.038888
0.10439592,0.6412892,-0.15339808
0.022744916,0.7589619,8.937555
0.10333065,0.74461985,-0.15659387
-0.5327099,0.7374141,9.105149
0.058589544,0.7819041,-0.15659387
-0.7637503,0.59376204,8.802282
0.020240024,0.84155893,-0.12783173
-1.1480197,0.533907,8.856153
-0.011717909,0.87032104,-0.080960095
-1.4987702,0.5410896,9.121908
-0.027696876,0.83516735,-0.020240024
-1.8375498,0.6548142,9.320627
-0.010652645,0.7520767,0.054328486
-2.0602105,0.866701,9.419987
0.041545313,0.64768076,0.14061491
-2.3834279,1.258153,9.755175
0.113983296,0.5422196,0.22903186
-2.4779987,1.7022774,9.907207
0.2130529,0.43995422,0.32810146
-2.0350714,1.9393034,9.6845455
0.32277513,0.3057309,0.41864893
-1.3790601,1.9153614,9.554062
0.41864893,0.11717909,0.46658584
-0.89184016,1.7717092,9.651027
0.48682585,-0.06711166,0.46552056
-0.59136784,1.5969325,9.679757
0.53795856,-0.17576863,0.44101948
-0.49440265,1.460463,9.445126
0.5635249,-0.20772657,0.42077947
-0.45130703,1.4053963,9.179369
0.55287224,-0.19920446,0.41545314
-0.40701428,1.4796166,9.062054
0.5091964,-0.17470337,0.42077947
-0.36272156,1.5658079,9.054871
0.43782368,-0.12783173,0.4282363
-0.2908955,1.7238252,9.2787285
0.35153726,-0.05752428,0.4282363
-0.16879122,1.8962077,9.6845455
0.27377295,0.022370555,0.41545314
-0.021547815,2.0458453,10.134656
0.21624869,0.08948222,0.38775626
0.07182605,2.134431,10.396821
0.18961707,0.13635385,0.34514567
0.08259996,2.112883,10.539276
0.18535602,0.16298546,0.29507825
-0.051475335,2.0350714,10.655395
0.20026971,0.16192019,0.24394555
-0.2861071,1.8782512,10.8708725
0.22583607,0.13422333,0.19387813
-0.6368576,1.6711528,11.062409
0.26312032,0.09267801,0.1555286
-0.9660604,1.4796166,11.166556
0.30786142,0.0479369,0.13635385
-1.3215994,1.2904748,11.142614
0.35473305,0.013848438,0.13528858
-1.6400281,1.1456255,10.924743
0.39734364,-0.011717909,0.15659387
-1.6400281,1.1456255,10.924743
0.39734364,-0.011717909,0.15659387
-1.9476831,1.0642227,10.694899
0.4250405,-0.029827405,0.19707392
-2.067393,1.1121067,10.529699
0.4346279,-0.04261058,0.2514024
-2.0123265,1.2413936,10.352529
0.43249738,-0.043675844,0.31318775
-1.8914193,1.3742718,10.143036
0.41758367,-0.02876214,0.37071204
-1.7537527,1.4401124,10.001778
0.39521313,-0.006391587,0.42397526
-1.614889,1.5753847,9.988609
0.37071204,0.004261058,0.46552056
-1.4317327,1.7549498,10.272323
0.35579833,-0.005326322,0.5006743
-1.1360487,1.9428947,10.547656
0.3568636,-0.024501082,0.52411014
-0.8379706,2.160767,10.7116585
0.37284255,-0.024501082,0.5305017
-0.51116204,2.3822308,10.858902
0.39947417,0.006391587,0.51984906
-0.17717093,2.6288335,11.238382
0.4250405,0.05006743,0.49002165
0.12090719,2.8060043,11.584345
0.46339005,0.08841695,0.44421527
0.39863458,2.8562827,11.380837
0.515588,0.15659387,0.3834952
0.5386954,2.906561,10.576386
0.5656554,0.27377295,0.30999196
0.51475334,2.9233203,9.39365
0.588026,0.39947417,0.21731395
0.11851298,2.80361,8.1163435
0.56672066,0.4825648,0.11504856
-0.6931214,2.4361002,5.1906295
0.48043427,0.54648066,0.022370555
-1.5837644,2.2230163,3.4476504
0.2545982,0.69029135,-0.035153728
-1.1587936,1.8351556,3.9264908
-0.043675844,0.58483016,-0.056459017
-0.62967503,1.6316484,5.357026
-0.30253512,0.18642128,-0.068176925
-0.7134721,1.6903064,7.9954367
-0.4889564,-0.24607609,-0.05965481
-0.878672,1.9321208,11.786655
-0.57417756,-0.49747851,-0.054328486
-0.49679685,1.851915,14.44781
-0.53795856,-0.51771855,-0.08841695
-0.33159694,1.578976,16.127342
-0.40586576,-0.44315,-0.14487597
-0.47165772,1.3335704,17.409437
-0.21518342,-0.34834146,-0.19600865
-0.6811504,1.1168951,17.991228
0.004261058,-0.20879184,-0.23116238
-0.91817635,0.8331822,17.808073
0.2247708,-0.024501082,-0.2428803
-1.1300632,0.5758055,16.927006
0.42397526,0.16724652,-0.22690132
-1.1707647,0.35793316,15.375564
0.58696073,0.33768883,-0.18748654
-1.0151415,0.15083471,13.480553
0.69348717,0.47723848,-0.13848437
-0.9935937,0.029927522,11.451467
0.73822826,0.5763081,-0.09267801
-1.0450691,-0.003591303,9.461885
0.7126619,0.62104917,-0.040480047
-1.0402806,0.045489833,7.595605
0.60507023,0.6178534,0.01917476
-1.021127,0.1448492,6.045359
0.42397526,0.567786,0.084155895
-0.89662856,0.30645782,5.073313
0.18961707,0.4825648,0.15020229
-0.7314286,0.5674258,4.5513773
-0.0777643,0.3717773,0.20772657
-0.58418524,0.8726865,4.6483426
-0.3536678,0.25672874,0.2514024
-0.29688102,1.1444284,5.333084
-0.61678815,0.13741912,0.27377295
