1.3575124,5.565322,9.235633
1.4987702,5.7125654,9.813833
1.4784195,5.8334723,10.040085
1.3623008,5.946,10.195708
1.270124,6.0561333,10.266336
1.2186487,6.054936,10.242394
1.2150574,6.0130377,10.178948
1.1755531,5.9663506,10.101137
1.1192893,5.9400144,10.068815
1.0055647,5.9771247,9.988609
0.8595184,5.9878983,9.868899
0.7218518,6.0118403,9.617508
0.59974754,6.029797,9.326612
0.50397944,6.0369797,9.015367
0.39743748,6.0142345,8.831013
0.24420857,5.934029,8.713697
0.061052144,5.795165,8.627506
-0.08619126,5.7161565,8.565256
-0.21547815,5.6563015,8.514978
-0.2801216,5.590461,8.645462
-0.30765492,5.577293,8.980651
-0.2669535,5.5701103,9.378088
-0.16759412,5.590461,9.76954
0,5.571307,9.866506
0.19033903,5.5461683,9.7803135
0.35673606,5.469554,9.655815
0.51834464,5.353435,9.610326
0.6500258,5.243302,9.642648
0.7769185,5.0960584,9.744401
1.0702082,5.0493712,10.040085
1.2054806,5.064934,10.425551
1.1420342,4.6244006,10.668563
1.0726024,4.31076,10.947487
0.9828198,4.0737343,11.178528
0.91458505,3.8654387,11.346122
0.866701,3.6463692,11.530476
0.866701,3.6463692,11.530476
0.8655039,3.4476504,11.568783
0.89303726,3.2620997,11.426328
0.91219085,3.0538042,11.200075
0.93134445,2.8886044,10.848128
0.93373865,2.7114334,10.491392
0.90381116,2.6420016,10.263943
0.8451532,2.5917234,10.131064
0.7685388,2.56419,10.086772
0.6847417,2.6024973,10.171766
0.59495914,2.6084828,10.290278
0.45130703,2.6192567,10.328587
0.25258827,2.5929205,10.284293
-0.07062895,2.5306711,10.159795
-0.320823,2.5270798,9.810242
-0.4357447,2.6491842,9.155427
-0.58777654,2.7808652,8.503007
0.350472,0.7286409,0.33449304
-0.8451532,2.8215668,7.9607205
0.37923414,0.73609775,0.33768883
-0.9648633,2.9113493,7.3298483
0.38775626,0.72970617,0.34514567
-1.0941502,3.0346506,6.801927
0.37710363,0.69668293,0.350472
-1.1025299,3.2836475,6.325481
0.34514567,0.64341974,0.35579833
-1.0702082,3.4081461,6.0010667
0.29188246,0.57417756,0.350472
-1.1180922,3.4261026,5.9005103
0.23116238,0.4825648,0.33768883
-1.1911154,3.4368765,5.9052987
0.17150758,0.37816888,0.3270362
-1.2198458,3.441665,6.009446
0.11717909,0.26418558,0.3206446
-1.0809821,3.4452562,6.2225304
0.06924219,0.1438107,0.3153183
-0.760159,3.3051953,6.64391
0.03089267,0.025566347,0.30999196
-0.49200845,3.1902738,7.1287355
0.003195793,-0.08628642,0.30253512
-0.34117374,3.1064768,7.6494746
-0.017044231,-0.17470337,0.29294774
-0.24301147,3.016694,8.1642275
-0.03195793,-0.23329292,0.28549087
-0.090979666,2.9161377,8.6574335
-0.04474111,-0.25672874,0.28442562
0.10654198,2.813187,9.141062
-0.060720075,-0.2428803,0.28229508
0.32561144,2.7006595,9.441534
-0.084155895,-0.19600865,0.27803403
0.5614403,2.6024973,9.595961
-0.112918034,-0.12783173,0.2695119
0.51475334,2.5773582,9.697714
-0.1470065,-0.049002163,0.2545982
0.31004912,2.6001031,9.870096
-0.18216023,0.034088463,0.24074976
0.11133038,2.6372132,10.068815
-0.20985709,0.11717909,0.23222765
0.047884032,2.6803088,10.243592
-0.221575,0.19600865,0.22583607
0.059855044,2.670732,10.277111
-0.21731395,0.25992453,0.22050974
0.130484,2.6503813,10.281899
-0.20026971,0.3110572,0.21092236
0.110133275,2.5605986,10.320207
-0.17044231,0.36645097,0.20133498
-0.01436521,2.5330653,10.065224
-0.13102753,0.43675843,0.19387813
-0.20350714,2.5773582,9.607931
-0.08948222,0.49321744,0.18961707
-0.41180268,2.7006595,9.044097
-0.05965481,0.5219796,0.19068234
-0.41180268,2.7006595,9.044097
-0.05965481,0.5219796,0.19068234
-0.5638345,2.8203697,8.615535
-0.039414786,0.5209143,0.19707392
-0.6428431,2.9281087,8.192958
-0.025566347,0.5028048,0.20559604
-0.6500258,3.0454245,7.797915
-0.01917476,0.47297743,0.21624869
-0.5770026,3.1316159,7.406463
-0.020240024,0.43356264,0.2247708
-0.5279215,3.1890767,7.1730285
-0.024501082,0.38562572,0.22690132
-0.5279215,3.1890767,7.1730285
-0.024501082,0.38562572,0.22690132
-0.47405192,3.205836,7.035362
-0.034088463,0.3355583,0.22583607
-0.50517654,3.2142158,6.979098
-0.04474111,0.28549087,0.22370553
-0.59256494,3.2369606,6.9767036
-0.053263225,0.23648871,0.22370553
-0.6931214,3.2477345,6.9000893
-0.060720075,0.19068234,0.22903186
-0.7745243,3.2752678,6.8007298
-0.06498113,0.14487597,0.2396845
-0.81163436,3.335123,6.622362
-0.06711166,0.098004326,0.25353295
-0.7661445,3.3446999,6.5122285
-0.07350325,0.049002163,0.2727077
-0.7661445,3.3446999,6.5122285
-0.07350325,0.049002163,0.2727077
-0.6703765,3.3566709,6.503849
-0.080960095,0.006391587,0.28975195
-0.5614403,3.4045548,6.597223
-0.09161274,-0.01917476,0.3057309
-0.45250413,3.4596214,6.655881
-0.101200126,-0.026631612,0.3206446
-0.36631286,3.502717,6.7743936
-0.10865697,-0.023435818,0.33129725
-0.36631286,3.502717,6.7743936
-0.10865697,-0.023435818,0.33129725
-0.29568392,3.5302503,6.908469
-0.11717909,-0.014913702,0.33981937
-0.24899697,3.582923,7.079654
-0.12250541,-0.004261058,0.3472762
-0.25139117,3.6044707,7.225701
-0.12463594,0.005326322,0.35153726
-0.2645593,3.6044707,7.315483
-0.12783173,0.008522116,0.35473305
-0.2861071,3.6020765,7.369353
-0.128897,0.006391587,0.36005938
-0.30166942,3.5913026,7.439982
-0.128897,-0.003195793,0.36112466
-0.34237084,3.5972881,7.5213847
-0.12783173,-0.017044231,0.3653857
-0.36631286,3.630807,7.6291237
-0.1257012,-0.036218993,0.37284255
-0.39145198,3.6607344,7.7105265
-0.12357068,-0.058589544,0.38242993
-0.38187516,3.6523547,7.7967176
-0.12250541,-0.080960095,0.39414784
-0.34715924,3.66672,7.9391727
-0.12357068,-0.101200126,0.406931
-0.2657564,3.6966474,8.085219
-0.128897,-0.1107875,0.4165184
-0.2657564,3.6966474,8.085219
-0.128897,-0.1107875,0.4165184
-0.18914193,3.7565024,8.431181
-0.13102753,-0.10013486,0.42717105
-0.16400282,3.788824,8.583213
-0.1257012,-0.08948222,0.43036684
-0.1316811,3.8127663,8.669404
-0.11824436,-0.07563378,0.43356264
-0.15083471,3.867833,8.748413
-0.10439592,-0.066046394,0.4346279
-0.12330139,3.9193082,8.841787
-0.09374327,-0.05539375,0.43675843
-0.05865794,3.954024,8.882488
-0.07989483,-0.046871636,0.43888897
-0.016759412,4.0066967,8.919599
-0.06711166,-0.03834952,0.44101948
0.015562311,4.06296,8.990228
-0.054328486,-0.037284255,0.43782368
0.03232172,4.1515455,9.021352
-0.04261058,-0.041545313,0.43249738
0.009576807,4.213795,9.101558
-0.03089267,-0.04580637,0.4261058
0.02633622,4.272453,9.121908
-0.020240024,-0.0479369,0.42077947
0.08259996,4.321534,9.151836
-0.010652645,-0.049002163,0.41438788
0.1400608,4.355053,9.241618
-0.003195793,-0.05219796,0.4048005
0.22266077,4.4101195,9.315839
0.002130529,-0.05965481,0.39414784
0.2681506,4.471172,9.345766
0.00958738,-0.068176925,0.38242993
0.2681506,4.471172,9.345766
0.00958738,-0.068176925,0.38242993
0.3184288,4.531027,9.406818
0.012783174,-0.0777643,0.36645097
0.36990416,4.602853,9.49301
0.014913702,-0.09054748,0.35153726
0.47405192,4.6399627,9.607931
0.013848438,-0.10333065,0.33768883
0.5662287,4.6483426,9.698911
0.012783174,-0.11611383,0.32490566
0.6548142,4.6471453,9.810242
0.00958738,-0.128897,0.31318775
0.7697359,4.6471453,9.900024
0.004261058,-0.14274544,0.29933932
0.88944596,4.607641,10.07121
-0.005326322,-0.1555286,0.28229508
1.0115502,4.606444,10.187328
-0.015978966,-0.16724652,0.257794
1.1097125,4.6136265,10.341754
-0.02876214,-0.17576863,0.23222765
1.1815386,4.5980644,10.454282
-0.041545313,-0.17896444,0.20559604
1.2425907,4.6363716,10.612299
-0.053263225,-0.17789917,0.1768339
1.2844892,4.677073,10.71525
-0.06178534,-0.17576863,0.14807177
1.3108255,4.703409,10.860099
-0.06711166,-0.17044231,0.12037488
1.3120226,4.7022123,10.897209
-0.066046394,-0.16192019,0.09267801
1.2940661,4.7800236,10.86369
-0.060720075,-0.15233281,0.06498113
1.2306197,4.985925,10.721235
-0.056459017,-0.1438107,0.036218993
1.2306197,4.985925,10.721235
-0.056459017,-0.1438107,0.036218993
1.0055647,5.398925,10.089166
-0.058589544,-0.13422333,-0.023435818
1.0235212,5.398925,9.831789
-0.07243799,-0.15233281,-0.049002163
1.1288661,5.291186,9.651027
-0.10439592,-0.18535602,-0.070307456
1.2773066,5.1690817,9.673772
-0.1555286,-0.22370553,-0.08841695
1.3634979,5.011064,9.774328
-0.21837921,-0.26418558,-0.10226539
1.4676456,4.8518496,10.013748
-0.28868666,-0.30146983,-0.112918034
1.6017209,4.6698904,10.381259
-0.3568636,-0.34088463,-0.12144015
1.7250223,4.437653,10.907983
-0.41758367,-0.37284255,-0.13102753
1.8471266,4.1862617,11.431116
-0.4676511,-0.3834952,-0.13848437
1.946486,3.9109285,11.917139
-0.50173956,-0.36964676,-0.1438107
2.0290859,3.632004,12.364855
-0.5187838,-0.33768883,-0.15020229
2.111686,3.38181,12.76349
-0.5123922,-0.29294774,-0.15659387
2.1416135,3.1711202,13.022063
-0.4825648,-0.23861924,-0.16618125
2.087744,3.0011318,13.199234
-0.4282363,-0.17896444,-0.17576863
-0.34834146,-0.11930962,-0.18429075
2.0853498,2.846706,13.238738
-0.34834146,-0.11930962,-0.18429075
2.0853498,2.846706,13.238738
2.0733786,2.6982653,13.181277
-0.24501082,-0.06391586,-0.19281286
2.0614076,2.5713725,12.907142
-0.12144015,-0.007456851,-0.20133498
2.0470424,2.433706,12.503718
0.014913702,0.051132694,-0.20985709
2.0003555,2.3523033,11.876437
0.15233281,0.111852765,-0.22050974
1.9093759,2.360683,11.164163
0.28442562,0.16831179,-0.23116238
1.7776948,2.456451,10.350134
0.40373522,0.21731395,-0.24394555
1.6232687,2.5797524,9.452309
0.5006743,0.2514024,-0.25992453
1.4197617,2.7090392,8.668207
0.5699165,0.26738137,-0.27696875
1.2042835,2.790442,8.020576
0.61678815,0.27377295,-0.29507825
1.0426749,2.870648,7.4028716
0.6380934,0.28229508,-0.3089267
0.94810385,2.9029696,6.8581905
0.6380934,0.28975195,-0.3206446
0.8559271,2.9628246,6.467936
0.61572284,0.294013,-0.330232
0.7577648,3.0418332,6.191406
0.5763081,0.29827404,-0.3355583
0.7206547,3.120842,6.0501475
0.5230448,0.30679616,-0.3387541
0.6979098,3.2070332,6.0262055
0.46339005,0.314253,-0.34194988
0.6679823,3.2716765,6.0250087
0.40053943,0.3174488,-0.34514567
0.6332663,3.2980127,6.1064115
0.3323625,0.3057309,-0.3472762
0.61291564,3.2752678,6.2464724
0.26312032,0.2759035,-0.34621096
0.59974754,3.228581,6.4487824
0.19068234,0.22796659,-0.34621096
0.6560113,3.2094274,6.7145386
0.11930962,0.16724652,-0.34408042
0.7302315,3.1352072,6.967127
0.051132694,0.10226539,-0.34088463
0.8487445,3.0370448,7.2628107
-0.013848438,0.033023197,-0.34088463
0.9744401,2.9245174,7.6351094
-0.07563378,-0.037284255,-0.34301516
1.0175357,2.7605145,8.093599
-0.13209279,-0.10226539,-0.34408042
0.9923966,2.5605986,8.506598
-0.18002969,-0.15339808,-0.34408042
0.9828198,2.3235726,8.931569
-0.221575,-0.19068234,-0.33981937
0.985214,2.134431,9.351752
-0.25566345,-0.21944448,-0.33129725
1.0019734,1.9668367,9.773131
-0.28122982,-0.23755397,-0.3270362
0.9504981,1.9045875,10.1621895
-0.294013,-0.24607609,-0.32490566
0.92057055,1.8746599,10.590752
-0.294013,-0.24394555,-0.32384038
0.8619126,1.887828,10.901998
-0.27803403,-0.22370553,-0.32384038
0.80804306,1.9081788,11.116279
-0.24074976,-0.18748654,-0.32490566
0.7517793,1.9416976,11.2132435
-0.18961707,-0.13528858,-0.3270362
0.6727707,2.005144,11.160571
-0.12250541,-0.07243799,-0.3270362
0.6332663,2.0829554,10.978612
-0.04580637,-0.006391587,-0.32597092
0.5793968,2.183512,10.69011
0.039414786,0.06178534,-0.32277513
0.50637364,2.2900538,10.295067
0.1257012,0.12676647,-0.32170987
0.44891283,2.3678656,9.781511
0.20879184,0.18535602,-0.3206446
0.32920274,2.4624364,9.179369
0.28229508,0.23542345,-0.3206446
0.16160862,2.5210943,8.603564
0.33981937,0.27164245,-0.31638354
-0.004788403,2.586935,8.052897
0.37923414,0.29507825,-0.30999196
-0.15083471,2.6515784,7.5189905
0.4016047,0.30999196,-0.2972088
-0.260968,2.7748797,7.079654
0.406931,0.31318775,-0.27803403
-0.33638534,2.9005754,6.7384806
0.39840892,0.30999196,-0.257794
-0.37349546,3.0358477,6.429629
0.38242993,0.29614353,-0.23648871
-0.37349546,3.0358477,6.429629
0.38242993,0.29614353,-0.23648871
-0.38307226,3.1172507,6.197391
0.36325517,0.27164245,-0.21624869
-0.36990416,3.2118216,6.030994
0.33662358,0.23648871,-0.19600865
-0.36750996,3.3051953,5.899313
0.30999196,0.19387813,-0.17576863
-0.36750996,3.3051953,5.899313
0.30999196,0.19387813,-0.17576863
-0.36152446,3.3806129,5.8346696
0.28016454,0.15126756,-0.15659387
-0.3184288,3.4452562,5.8226986
0.24927188,0.111852765,-0.13741912
-0.2621651,3.5087025,5.8346696
0.22050974,0.07669904,-0.12037488
-0.19991584,3.526659,5.8322754
0.18855181,0.04474111,-0.10546118
-0.18435353,3.5637693,5.877765
0.1555286,0.014913702,-0.09161274
-0.14604631,3.5972881,5.9519854
0.12144015,-0.006391587,-0.080960095
-0.11611878,3.6104562,6.126762
0.08628642,-0.02130529,-0.070307456
-0.04309563,3.6391866,6.244078
0.049002163,-0.02876214,-0.060720075
0.01436521,3.6463692,6.326678
0.013848438,-0.03195793,-0.05219796
0.061052144,3.6463692,6.4380083
-0.023435818,-0.033023197,-0.0479369
0.12569559,3.6631286,6.597223
-0.06498113,-0.033023197,-0.046871636
0.20470424,3.70383,6.871359
-0.10439592,-0.035153728,-0.04474111
0.2908955,3.7588966,7.1790137
-0.14168017,-0.035153728,-0.04580637
0.34476504,3.7828386,7.587225
-0.1736381,-0.03089267,-0.051132694
0.34476504,3.7828386,7.587225
-0.1736381,-0.03089267,-0.051132694
0.4369418,3.7241807,8.371326
-0.2066613,-0.010652645,-0.06924219
0.4369418,3.7241807,8.371326
-0.2066613,-0.010652645,-0.06924219
0.47046062,3.6990416,8.647857
-0.20453078,-0.004261058,-0.0777643
0.521936,3.7110126,8.942344
-0.1917476,-0.004261058,-0.08735169
0.5542577,3.7134068,9.196129
-0.16937704,-0.002130529,-0.096939065
0.5781997,3.7732618,9.350554
-0.13954964,0.001065265,-0.10652645
0.60693014,3.8283286,9.4535055
-0.10546118,0.00958738,-0.11930962
0.61770403,3.9336734,9.508572
-0.07350325,0.023435818,-0.128897
0.59974754,4.0162735,9.5385
-0.043675844,0.035153728,-0.14061491
0.5758055,4.140772,9.507375
-0.017044231,0.05006743,-0.15126756
0.5506664,4.262876,9.507375
0.007456851,0.06391586,-0.15978967
0.5506664,4.262876,9.507375
0.007456851,0.06391586,-0.15978967
0.46208093,4.3766007,9.44752
0.03195793,0.0777643,-0.16724652
0.29448682,4.6004586,9.300277
0.0628506,0.10333065,-0.1736381
0.20949265,4.7058034,9.246407
0.068176925,0.112918034,-0.16831179
0.1316811,4.847061,9.24521
0.0628506,0.12250541,-0.16085494
0.077811554,4.950012,9.255983
0.049002163,0.12996227,-0.14913702
0.077811554,4.950012,9.255983
0.049002163,0.12996227,-0.14913702
0.04309563,5.1223946,9.40203
0.004261058,0.1257012,-0.11930962
0.02633622,5.145139,9.605537
-0.025566347,0.11504856,-0.10439592
0.01316811,5.12838,9.738416
-0.05752428,0.096939065,-0.08948222
0.039504327,5.0900726,9.911995
-0.09054748,0.0777643,-0.07137272
0.06823475,5.0505686,10.131064
-0.12357068,0.056459017,-0.05219796
0.1400608,5.009867,10.45907
-0.15020229,0.029827405,-0.029827405
0.2825158,4.9895163,10.80623
-0.17150758,0.012783174,-0.008522116
0.4225766,4.9428296,11.11149
-0.18748654,0,0.008522116
0.4225766,4.9428296,11.11149
-0.18748654,0,0.008522116
0.5494693,4.859032,11.452663
-0.19387813,-0.005326322,0.02130529
0.6392518,4.8039656,11.705252
-0.19068234,-0.010652645,0.027696876
0.6691794,4.820725,11.852495
-0.18216023,-0.02130529,0.02876214
0.60573304,4.950012,11.834539
-0.16831179,-0.035153728,0.023435818
0.48602295,5.130774,11.68969
-0.14807177,-0.053263225,0.012783174
0.4285621,5.2564697,11.517307
-0.13422333,-0.066046394,0.003195793
0.4369418,5.245696,11.392809
-0.12676647,-0.07669904,-0.002130529
0.44532153,5.1547165,11.334151
-0.12783173,-0.07882957,-0.001065265
0.47524905,5.0146556,11.372458
-0.14061491,-0.07137272,0.003195793
0.48841715,4.841076,11.562798
-0.1587244,-0.056459017,0.00958738
0.44771573,4.656722,11.833342
-0.17789917,-0.037284255,0.02130529
0.4261679,4.465186,12.191275
-0.19387813,-0.017044231,0.035153728
0.4177882,4.23654,12.540829
-0.20240025,0.002130529,0.05006743
0.40701428,4.0426097,12.890382
-0.2034655,0.023435818,0.06498113
0.37948096,3.846285,13.15973
-0.19387813,0.051132694,0.07882957
0.32202014,3.6296098,13.435062
-0.16724652,0.083090626,0.08948222
0.2621651,3.369839,13.595474
-0.12250541,0.12037488,0.099069595
0.20350714,3.0933087,13.6972275
-0.056459017,0.15446335,0.10865697
0.19632454,2.8179753,13.693637
0.027696876,0.18429075,0.11717909
0.18794483,2.5701754,13.498509
0.13102753,0.20879184,0.1257012
0.15203181,2.3834279,13.079524
0.24714136,0.221575,0.12996227
0.11492168,2.2278047,12.433089
0.36645097,0.22264028,0.13102753
0.020350715,2.1559787,11.725603
0.479369,0.21411815,0.128897
-0.06584055,2.1511903,10.969035
0.5795039,0.2034655,0.1257012
-0.1448492,2.1571758,10.105926
0.6593987,0.19068234,0.11930962
-0.2777274,2.2062569,9.266758
0.716923,0.1768339,0.1107875
-0.439336,2.2134395,8.47308
0.7520767,0.15126756,0.10333065
-0.5315128,2.219425,7.7608047
0.7680557,0.113983296,0.0958738
-0.5674258,2.2469583,7.1466923
0.7637946,0.06391586,0.09161274
-0.5315128,2.2529438,6.671443
0.74035877,0.00958738,0.08628642
-0.47285482,2.304419,6.341043
0.7041398,-0.040480047,0.082025364
-0.35673606,2.337938,6.0980315
0.6540724,-0.07989483,0.07669904
-0.24181437,2.4145525,5.9603653
0.58696073,-0.10972224,0.06924219
-0.1376666,2.4528596,5.8717794
0.50813115,-0.13315806,0.058589544
-0.07062895,2.456451,5.9041014
0.42077947,-0.1470065,0.043675844
0.004788403,2.4396915,6.0836663
0.32810146,-0.15020229,0.029827405
0.029927522,2.4265234,6.373365
0.23755397,-0.14487597,0.017044231
0.06703765,2.4001873,6.6905966
0.14913702,-0.13848437,0.004261058
0.046686932,2.337938,7.023391
0.07243799,-0.13954964,-0.006391587
0.019153614,2.243367,7.3418193
0.00958738,-0.14061491,-0.013848438
-0.007182605,2.1284454,7.7189064
-0.03834952,-0.14487597,-0.017044231
-0.002394202,2.0171149,8.024167
-0.06924219,-0.14594123,-0.013848438
0.05865794,1.8746599,8.234857
-0.08841695,-0.13741912,-0.00958738
0.08738836,1.7908629,8.433576
-0.101200126,-0.1257012,-0.002130529
0.15801731,1.7262194,8.535329
-0.1107875,-0.10759171,0.007456851
0.20470424,1.6950948,8.656237
-0.11824436,-0.08628642,0.015978966
0.25258827,1.7034745,8.7771435
-0.1257012,-0.0628506,0.023435818
0.24540567,1.7741034,8.856153
-0.13102753,-0.03834952,0.02876214
0.2633622,1.8315643,8.822633
-0.13102753,-0.014913702,0.03195793
0.23582886,1.887828,8.789114
-0.12676647,0.001065265,0.033023197
0.20829555,1.9812019,8.725668
-0.11504856,0.013848438,0.034088463
0.22864626,2.0817583,8.584411
-0.098004326,0.02130529,0.035153728
0.23223756,2.1906946,8.3629465
-0.07350325,0.02130529,0.033023197
0.23223756,2.1906946,8.3629465
-0.07350325,0.02130529,0.033023197
0.25617957,2.2948422,8.104373
-0.04580637,0.015978966,0.027696876
0.20470424,2.3870192,7.7548194
-0.013848438,0.006391587,0.02130529
0.20350714,2.4947581,7.3909006
0.013848438,-0.004261058,0.014913702
0.16759412,2.5737667,7.0341644
0.035153728,-0.018109497,0.00958738
0.1352724,2.6910827,6.730101
0.04580637,-0.034088463,0.005326322
0.090979666,2.8072014,6.421249
0.043675844,-0.054328486,0.002130529
0.025139118,2.8898015,6.169858
0.03195793,-0.07882957,0
-0.059855044,2.9771898,5.9483943
0.012783174,-0.10865697,0
-0.059855044,2.9771898,5.9483943
0.012783174,-0.10865697,0
-0.059855044,3.0418332,5.8466406
-0.00958738,-0.14061491,0.003195793
-0.04189853,3.132813,5.8562174
-0.033023197,-0.16937704,0.007456851
0.023942016,3.1998506,5.8634
-0.058589544,-0.19281286,0.012783174
0.1364695,3.311181,5.931635
-0.083090626,-0.20985709,0.017044231
0.1364695,3.311181,5.931635
-0.083090626,-0.20985709,0.017044231
0.29688102,3.4943373,5.9807158
-0.13528858,-0.23222765,0.01917476
0.34955344,3.5625722,6.0681043
-0.16192019,-0.23648871,0.014913702
0.34955344,3.5625722,6.0681043
-0.16192019,-0.23648871,0.014913702
0.34476504,3.6056678,6.1686606
-0.19068234,-0.23435818,0.014913702
0.34356794,3.655946,6.2763996
-0.21731395,-0.22796659,0.015978966
0.34117374,3.6715083,6.4008985
-0.24394555,-0.22370553,0.020240024
0.34237084,3.7014358,6.6391215
-0.26418558,-0.221575,0.024501082
0.35314476,3.691859,6.8545995
-0.2790993,-0.21944448,0.03089267
0.35075054,3.7074213,7.0664864
-0.28975195,-0.21837921,0.034088463
0.3184288,3.6990416,7.2687964
-0.29933932,-0.21411815,0.037284255
0.32441434,3.6978445,7.478289
-0.30466563,-0.21092236,0.039414786
0.34117374,3.7337575,7.6985555
-0.30786142,-0.20985709,0.04261058
0.36391866,3.7493198,7.9451585
-0.30999196,-0.21411815,0.043675844
0.38187516,3.7469256,8.198944
-0.30999196,-0.21624869,0.043675844
0.40102878,3.7337575,8.492233
-0.30360037,-0.21198763,0.043675844
0.37948096,3.7193923,8.748413
-0.2908172,-0.20453078,0.041545313
0.36870706,3.6739025,8.959103
-0.2727077,-0.19813919,0.039414786
0.33518824,3.6607344,9.132683
-0.2514024,-0.19281286,0.037284255
0.33997664,3.6894648,9.320627
-0.22583607,-0.18642128,0.034088463
0.32561144,3.7074213,9.566033
-0.19600865,-0.17470337,0.03089267
0.3184288,3.7600937,9.752781
-0.165116,-0.15659387,0.024501082
0.2801216,3.7708676,9.92636
-0.12676647,-0.13315806,0.017044231
0.25139117,3.7924154,10.061633
-0.08628642,-0.10865697,0.008522116
0.25139117,3.7924154,10.061633
-0.08628642,-0.10865697,0.008522116
0.16879122,3.8295257,10.1226845
-0.04261058,-0.082025364,0.001065265
0.11133038,3.90614,10.093954
0.004261058,-0.056459017,-0.006391587
0.015562311,3.9671922,9.9790325
0.049002163,-0.036218993,-0.013848438
-0.03232172,4.0641575,9.793482
0.08841695,-0.022370555,-0.020240024
-0.035913024,4.200627,9.604341
0.12250541,-0.012783174,-0.027696876
-0.025139118,4.309563,9.397242
0.14168017,-0.006391587,-0.033023197
0.004788403,4.4544125,9.193734
0.14807177,-0.004261058,-0.03834952
0.05746084,4.594473,9.051279
0.14168017,-0.004261058,-0.04261058
0.11611878,4.748899,8.943541
0.12144015,-0.007456851,-0.04580637
0.1400608,4.8781857,8.942344
0.09054748,-0.01917476,-0.049002163
0.17118542,4.9943047,9.069236
0.05539375,-0.037284255,-0.056459017
0.25258827,5.0781016,9.289502
0.01917476,-0.06498113,-0.06178534
0.25258827,5.0781016,9.289502
0.01917476,-0.06498113,-0.06178534
0.35673606,5.1140146,9.518148
-0.014913702,-0.09267801,-0.06711166
0.50278234,5.12838,9.7803135
-0.04474111,-0.113983296,-0.07137272
0.6691794,5.105635,10.0341
-0.07243799,-0.12996227,-0.07989483
-0.099069595,-0.14061491,-0.08948222
0.8439561,5.080496,10.324995
0.9888053,5.057751,10.632649
-0.12250541,-0.1470065,-0.10226539
1.1444284,4.984728,11.010934
-0.1438107,-0.14274544,-0.11504856
1.2737153,4.9404354,11.343728
-0.15765914,-0.13209279,-0.13528858
1.3335704,4.8745947,11.616667
-0.165116,-0.111852765,-0.1587244
1.3335704,4.8386817,11.852495
-0.16618125,-0.08841695,-0.18216023
1.2425907,4.936844,12.021287
-0.1587244,-0.06391586,-0.20559604
1.1372458,5.1463366,12.065579
-0.14274544,-0.03834952,-0.23116238
1.0019734,5.3486466,11.9853735
-0.12463594,-0.011717909,-0.25353295
0.92895025,5.3582234,11.902774
-0.10546118,0.022370555,-0.27057716
0.91219085,5.2241483,11.7782755
-0.09267801,0.06178534,-0.2790993
0.973243,5.01705,11.700463
-0.09161274,0.10333065,-0.28122982
1.0642227,4.8362875,11.7268
-0.10333065,0.13954964,-0.28016454
1.0642227,4.8362875,11.7268
-0.10333065,0.13954964,-0.28016454
1.1623849,4.7141833,11.829751
-0.12783173,0.15978967,-0.28122982
1.1623849,4.7141833,11.829751
-0.12783173,0.15978967,-0.28122982
1.2689269,4.5872903,12.053609
-0.15659387,0.16298546,-0.28549087
1.411382,4.509479,12.282255
-0.18535602,0.15446335,-0.29188246
1.4939818,4.394557,12.512098
-0.21092236,0.14061491,-0.30146983
1.5837644,4.2437224,12.707226
-0.22690132,0.1257012,-0.3174488
1.5837644,4.2437224,12.707226
-0.22690132,0.1257012,-0.3174488
1.6041151,3.763685,13.024457
-0.2247708,0.09267801,-0.35792887
1.6041151,3.763685,13.024457
-0.2247708,0.09267801,-0.35792887
1.5849615,3.430891,13.158532
-0.2034655,0.07350325,-0.37603834
1.5586253,3.1124623,13.332112
-0.16085494,0.05965481,-0.3920173
1.5502456,2.7952304,13.450625
-0.099069595,0.05219796,-0.40586576
1.5741876,2.5390508,13.39915
-0.012783174,0.049002163,-0.41545314
1.6077064,2.3570917,13.127408
0.09054748,0.053263225,-0.4261058
1.6136919,2.2493525,12.677298
0.21092236,0.058589544,-0.43888897
1.5921441,2.1918917,12.08593
0.3323625,0.068176925,-0.45806372
1.5286977,2.1823149,11.270704
0.45380265,0.082025364,-0.47830373
1.4089876,2.2409728,10.405201
0.56245965,0.10013486,-0.50173956
1.2366052,2.2744915,9.487024
0.6540724,0.11717909,-0.5251754
0.9888053,2.3080103,8.610746
0.7233146,0.13315806,-0.54648066
0.79248077,2.3343468,7.6961613
0.76592517,0.14913702,-0.5603291
0.62847793,2.3834279,6.9024835
0.78083885,0.16085494,-0.56885123
0.62847793,2.3834279,6.9024835
0.78083885,0.16085494,-0.56885123
0.50757074,2.4504654,6.2752028
0.76592517,0.17044231,-0.57098174
0.415394,2.505532,5.746084
0.7275756,0.17789917,-0.5699165
0.36391866,2.5713725,5.4192758
0.6689861,0.18429075,-0.56459016
0.34835634,2.6168625,5.2361193
0.59122175,0.18855181,-0.5571333
0.38067806,2.64679,5.2205567
0.5006743,0.18855181,-0.5486112
0.4261679,2.645593,5.321113
0.39734364,0.17576863,-0.5368933
0.47165772,2.6048915,5.556942
0.28868666,0.15339808,-0.5251754
0.51116204,2.6192567,5.8586116
0.18322548,0.1107875,-0.51452273
0.5434838,2.5198972,6.265626
0.08735169,0.05006743,-0.50387007
0.5734113,2.4145525,6.7229185
0.002130529,-0.023435818,-0.49215218
0.7038953,2.3451207,7.265205
-0.06711166,-0.10013486,-0.48043427
0.8559271,2.2828712,7.703344
-0.12144015,-0.17470337,-0.46978164
1.0462662,2.2385786,8.1402855
-0.1587244,-0.24074976,-0.46339005
1.1456255,2.1823149,8.486248
-0.17896444,-0.29933932,-0.4612595
1.1815386,2.1416135,8.816648
-0.18748654,-0.3472762,-0.45806372
1.1504139,2.0530279,9.036914
-0.18535602,-0.38242993,-0.45593318
1.1013328,1.9536686,9.179369
-0.17789917,-0.40053943,-0.45167214
0.973243,1.863886,9.247604
-0.165116,-0.39947417,-0.43782368
0.90620536,1.875857,9.246407
-0.15126756,-0.38242993,-0.4165184
0.90859956,1.9285295,9.287108
-0.13848437,-0.35260254,-0.39521313
0.94211835,1.982399,9.350554
-0.12357068,-0.30679616,-0.37390783
0.94211835,1.982399,9.350554
-0.12357068,-0.30679616,-0.37390783
0.9780314,2.087744,9.3733
-0.101200126,-0.24181503,-0.35899413
1.0223241,2.160767,9.3026705
-0.07456851,-0.165116,-0.3472762
1.0390835,2.2242134,9.203311
-0.04261058,-0.080960095,-0.34088463
1.0510546,2.2972364,9.033323
-0.003195793,0.001065265,-0.33768883
0.9828198,2.3762453,8.7771435
0.039414786,0.07243799,-0.33449304
0.89303726,2.4708161,8.431181
0.083090626,0.13422333,-0.3355583
0.7649474,2.5558102,8.026561
0.12144015,0.18322548,-0.33662358
0.61770403,2.6300306,7.651869
0.15233281,0.2247708,-0.3387541
0.47046062,2.7090392,7.303512
0.16937704,0.2545982,-0.33768883
0.47046062,2.7090392,7.303512
0.16937704,0.2545982,-0.33768883
0.33638534,2.907758,6.6882024
0.16831179,0.29188246,-0.32810146
0.30526072,3.0597897,6.4763155
0.15339808,0.29827404,-0.3270362
0.29568392,3.181894,6.355408
0.13315806,0.294013,-0.3270362
0.2837129,3.301604,6.283582
0.111852765,0.28442562,-0.330232
0.2801216,3.3770216,6.196194
0.09054748,0.2727077,-0.33449304
0.29328972,3.4356794,6.075287
0.06711166,0.25246766,-0.34088463
0.2753332,3.4871547,6.0764837
0.04261058,0.22370553,-0.3472762
0.25139117,3.5194764,6.0501475
0.013848438,0.1917476,-0.35153726
0.20949265,3.560178,6.1004257
-0.014913702,0.15765914,-0.3536678
0.16519992,3.6284127,6.157887
-0.05006743,0.12357068,-0.35260254
0.16879122,3.6750996,6.2847795
-0.08628642,0.08841695,-0.34940675
0.19632454,3.7361517,6.4583592
-0.12463594,0.051132694,-0.34514567
0.21188685,3.762488,6.7145386
-0.16618125,0.015978966,-0.34194988
0.2801216,3.821146,7.019799
-0.20133498,-0.014913702,-0.33768883
0.38067806,3.8534677,7.4016747
-0.23009712,-0.043675844,-0.3355583
0.49679685,3.8726213,7.8302364
-0.24714136,-0.068176925,-0.3387541
0.65242,3.8594532,8.177396
-0.25353295,-0.08735169,-0.34301516
0.7721301,3.8247373,8.483853
-0.24927188,-0.101200126,-0.34940675
0.8523358,3.7780502,8.779537
-0.23542345,-0.1107875,-0.36112466
0.9636662,3.750517,9.099164
-0.21411815,-0.11930962,-0.37603834
1.0199299,3.715801,9.382876
-0.18855181,-0.12783173,-0.3930826
1.0235212,3.6834793,9.800665
-0.15446335,-0.13422333,-0.4101268
1.0235212,3.6834793,9.800665
-0.11717909,-0.13954964,-0.42717105
1.0354922,3.6703112,9.886856
-0.07563378,-0.14061491,-0.44101948
1.0426749,3.7074213,9.91439
-0.033023197,-0.13848437,-0.4527374
1.0378864,3.763685,9.844957
0.010652645,-0.13528858,-0.4644553
0.9876082,3.8355112,9.731233
0.053263225,-0.128897,-0.47297743
0.9768343,3.9001546,9.627085
0.08841695,-0.11504856,-0.48043427
0.9660604,3.9731777,9.504981
0.12037488,-0.09054748,-0.4857606
0.90620536,4.060566,9.421184
0.1470065,-0.05965481,-0.49002165
0.8451532,4.1503487,9.320627
0.17044231,-0.027696876,-0.4910869
0.7769185,4.261679,9.260772
0.18961707,0.004261058,-0.49002165
0.6847417,4.337096,9.202114
0.20240025,0.035153728,-0.48469532
0.5482722,4.5765166,9.126697
0.2130529,0.06391586,-0.47404268
0.5482722,4.5765166,9.126697
0.21731395,0.08841695,-0.46658584
0.50158525,4.7046065,9.101558
0.21624869,0.10226539,-0.45699844
0.4429273,4.7620673,9.119514
0.21198763,0.10652645,-0.4463458
0.38067806,4.758476,9.163807
0.20133498,0.10439592,-0.43569317
0.33279404,4.7417164,9.242816
0.18322548,0.094808534,-0.42290998
0.30645782,4.747702,9.31105
0.15978967,0.07563378,-0.4101268
0.3172317,4.7417164,9.409213
0.13209279,0.049002163,-0.39414784
0.38187516,4.745308,9.623494
0.099069595,0.022370555,-0.37923414
0.46806642,4.703409,9.871294
0.0628506,-0.002130529,-0.36751625
0.5602432,4.6112323,10.111911
0.025566347,-0.027696876,-0.36325517
0.6404489,4.542998,10.371682
-0.004261058,-0.05965481,-0.36432046
0.6404489,4.542998,10.371682
-0.004261058,-0.05965481,-0.36432046
0.81642276,4.260482,11.032481
-0.027696876,-0.096939065,-0.36964676
0.81642276,4.260482,11.032481
-0.04474111,-0.14274544,-0.37816888
0.9564836,4.155137,11.361684
-0.05006743,-0.19068234,-0.39095205
0.9959879,4.06296,11.69807
-0.04474111,-0.23542345,-0.406931
1.079785,3.9971197,11.886014
-0.029827405,-0.26738137,-0.4261058
1.1504139,4.07134,12.030864
-0.004261058,-0.28868666,-0.44741106
1.1049241,4.2999864,11.972205
0.03089267,-0.29614353,-0.47297743
0.9528923,4.5441947,11.821371
0.068176925,-0.28442562,-0.5006743
0.7445967,4.699818,11.565191
0.10546118,-0.25566345,-0.5219796
0.7445967,4.699818,11.565191
0.10546118,-0.25566345,-0.5219796
0.48602295,4.6339774,11.066
0.15020229,-0.16298546,-0.531567
0.3890578,4.495114,10.896012
0.15020229,-0.10759171,-0.51984906
0.25498247,4.248511,10.929531
0.13635385,-0.05219796,-0.50173956
0.25498247,4.248511,10.929531
0.10972224,-0.003195793,-0.48149952
0.23582886,4.122815,11.0695915
0.07882957,0.03195793,-0.46339005
0.260968,4.0294414,11.240777
0.0479369,0.056459017,-0.4463458
0.22864626,3.9444473,11.372458
0.01917476,0.070307456,-0.43569317
0.15322891,3.8367083,11.622652
0,0.07456851,-0.42397526
0.075417355,3.6715083,11.869255
-0.002130529,0.07137272,-0.41545314
0.031124622,3.4620156,12.0332575
0.017044231,0.060720075,-0.4079963
0.07062895,3.2465374,12.144588
0.060720075,0.040480047,-0.40586576
0.11971009,3.0945058,12.154165
0.12037488,0.010652645,-0.406931
0.17956513,2.9855695,12.005724
0.19707392,-0.025566347,-0.41438788
0.19393034,2.9508536,11.724405
0.28549087,-0.070307456,-0.42717105
0.15322891,2.992752,10.7990465
0.37390783,-0.11717909,-0.44528055
0.15322891,2.992752,10.7990465
0.45593318,-0.165116,-0.46658584
0.08619126,3.0789435,10.303447
0.5273059,-0.20240025,-0.4878911
0.062249243,3.156755,9.76954
0.5858955,-0.22903186,-0.50813115
0.088585466,3.2333694,9.161413
0.6327671,-0.25246766,-0.5294364
0.053869538,3.264494,8.578424
0.66365975,-0.2790993,-0.5539375
-0.005985504,3.2393548,8.038532
0.6775082,-0.30040458,-0.5763081
-0.033518825,3.2429461,7.6123643
0.6711166,-0.31318775,-0.5965481
-0.031124622,3.2453403,7.2592196
0.6423545,-0.31957933,-0.6125271
-0.019153614,3.2944214,6.906075
0.59867865,-0.32277513,-0.628506
0.022744916,3.359065,6.7384806
0.5368933,-0.32490566,-0.6423545
0.062249243,3.3722332,6.611588
0.45912898,-0.32597092,-0.6540724
0.31004912,3.41892,6.8366427
0.3717773,-0.32810146,-0.664725
0.31004912,3.41892,6.8366427
0.2759035,-0.32597092,-0.67963874
0.48123455,3.3865983,7.2568254
0.17789917,-0.31957933,-0.6988135
0.62368953,3.3279405,7.714118
0.08628642,-0.30786142,-0.72011876
0.7086837,3.169923,8.206126
0.010652645,-0.29188246,-0.7456851
0.7553706,2.9652188,8.718486
-0.0479369,-0.27483824,-0.76912093
0.760159,2.7605145,9.166202
-0.08841695,-0.26205507,-0.79042625
0.80325466,2.5917234,9.491813
-0.11930962,-0.25992453,-0.80747044
0.8331822,2.4133554,9.775525
-0.1438107,-0.26631612,-0.82344943
0.8367735,2.2301989,10.09156
-0.16618125,-0.27803403,-0.8383631
0.81283146,2.1164744,10.453085
-0.18535602,-0.29188246,-0.8511463
0.79248077,2.018312,10.819398
-0.19600865,-0.30253512,-0.85966843
0.842759,1.9249382,11.292253
-0.19813919,-0.30999196,-0.8681905
0.842759,1.9249382,11.292253
-0.18429075,-0.3153183,-0.87351686
0.8595184,1.9297266,11.432313
-0.15446335,-0.32384038,-0.8831042
0.8631097,1.9381063,11.501745
-0.10439592,-0.3291667,-0.8969527
0.89184016,1.9572599,11.414356
-0.037284255,-0.3291667,-0.91186637
0.89184016,1.9572599,11.414356
-0.037284255,-0.3291667,-0.91186637
0.8475474,2.0482395,10.602722
0.12357068,-0.32597092,-0.9406285
0.8475474,2.0482395,10.602722
0.12357068,-0.32597092,-0.9406285
0.8475474,2.0482395,10.602722
0.12357068,-0.32597092,-0.9406285
0.80924016,2.1775265,9.423578
0.26205507,-0.32170987,-0.9672601
0.7649474,2.4432828,8.173804
0.34301516,-0.32597092,-0.9864349
0.7649474,2.4432828,8.173804
0.34301516,-0.32597092,-0.9864349
0.7182605,2.5917234,7.6051817
0.3568636,-0.33662358,-0.99708754
0.7062895,2.8287494,6.7504516
0.35473305,-0.35260254,-1.0066749
0.7062895,2.8287494,6.7504516
0.35473305,-0.35260254,-1.0066749
0.7062895,2.8287494,6.7504516
0.34194988,-0.37071204,-1.015197
0.7278373,2.954445,6.5218053
0.32170987,-0.38562572,-1.0258497
0.7314286,3.028665,6.2608376
0.29933932,-0.39521313,-1.0354371
0.7230489,3.1028855,6.077681
0.27483824,-0.4048005,-1.0460896
0.7230489,3.1028855,6.077681
0.27483824,-0.4048005,-1.0460896
0.7302315,3.1830912,5.9483943
0.24927188,-0.41545314,-1.0535465
0.7218518,3.2321723,5.85502
0.221575,-0.42397526,-1.0588728
0.19068234,-0.4293016,-1.0588728
0.724246,3.3171666,5.741296
0.7493851,3.4117374,5.7377043
0.15659387,-0.43249738,-1.0610034
0.7697359,3.4440591,5.74369
0.11824436,-0.4346279,-1.0620687
0.78529817,3.465607,5.7724204
0.07669904,-0.43995422,-1.063134
0.7769185,3.478775,5.8933277
0.034088463,-0.4495416,-1.0641992
0.79487497,3.4488475,6.343437
-0.008522116,-0.4644553,-1.067395
0.79487497,3.4488475,6.343437
-0.049002163,-0.48363006,-1.0705907
0.80445176,3.4356794,6.5385647
-0.08735169,-0.5070659,-1.0737866
0.8295909,3.4320881,6.8043213
-0.1257012,-0.53476274,-1.0801781
0.8475474,3.4117374,7.079654
-0.16085494,-0.5656554,-1.0865698
0.8798691,3.3842041,7.419631
-0.1949434,-0.5954828,-1.0972224
0.878672,3.333926,7.7464395
-0.22690132,-0.61678815,-1.1068097
0.89902276,3.228581,8.098388
-0.25672874,-0.6306366,-1.1185277
0.94930094,3.1376014,8.457518
-0.2790993,-0.6412892,-1.1313108
1.0307038,3.0753522,8.797494
-0.29507825,-0.6498113,-1.1462245
1.0881647,2.9843724,9.1255
-0.3057309,-0.6583334,-1.1675298
1.1408371,2.918532,9.446322
-0.30786142,-0.6679208,-1.1941614
1.1504139,2.778471,10.014946
-0.30360037,-0.68176925,-1.2271847
1.1216835,2.7401638,10.26514
-0.29188246,-0.69348717,-1.2644689
1.0905589,2.7102363,10.455479
-0.2727077,-0.700944,-1.3017532
1.0905589,2.7102363,10.455479
-0.2727077,-0.700944,-1.3017532
1.0785879,2.693477,10.607511
-0.24394555,-0.70627034,-1.3401027
1.0702082,2.7210102,10.6877165
-0.2066613,-0.7073356,-1.3784522
1.1013328,2.7353754,10.700885
-0.16298546,-0.70200926,-1.4146712
1.103727,2.7641058,10.623073
-0.112918034,-0.6860303,-1.4508902
1.0989386,2.815581,10.472239
-0.05965481,-0.66365975,-1.4860439
1.0378864,2.823961,10.244789
-0.00958738,-0.6348976,-1.5190672
0.9660604,2.8682537,9.994595
0.036218993,-0.60293967,-1.555286
0.8702923,2.9113493,9.704897
0.070307456,-0.57417756,-1.5840483
0.80325466,2.9628246,9.449914
0.096939065,-0.5496765,-1.6096146
0.78170687,3.015497,9.247604
0.1107875,-0.5305017,-1.6298546
0.760159,3.0789435,9.121908
0.11611383,-0.51984906,-1.6479641
0.7745243,3.1064768,9.036914
0.111852765,-0.5134575,-1.6650083
0.82599956,3.1148565,8.967483
0.10226539,-0.5123922,-1.6831179
0.8762778,3.0885203,8.901642
0.0958738,-0.51665324,-1.7022926
0.8762778,3.0885203,8.901642
0.0958738,-0.51665324,-1.7022926
0.91219085,3.0921116,8.77834
0.08841695,-0.52411014,-1.7246631
0.9540894,3.1064768,8.719683
0.080960095,-0.5368933,-1.7502295
0.9900024,3.1184478,8.700529
0.07456851,-0.5550028,-1.7768611
0.9792285,3.1268275,8.684967
0.06711166,-0.58056915,-1.8034927
0.9792285,3.1268275,8.684967
0.06711166,-0.58056915,-1.8034927
1.0462662,3.108871,8.725668
0.056459017,-0.608266,-1.8322549
1.0785879,3.0753522,8.7951
0.04580637,-0.63702816,-1.861017
1.115698,3.0226796,8.808268
0.036218993,-0.66579026,-1.8887138
1.1899183,2.9783869,8.880095
0.03089267,-0.6945524,-1.9185413
1.2246342,2.9113493,8.98903
0.024501082,-0.721184,-1.9473034
1.2174516,2.8323407,9.106346
0.01917476,-0.7435546,-1.9781961
1.2497733,2.8000188,9.294291
0.013848438,-0.76592517,-2.010154
1.292869,2.7712884,9.481039
0.012783174,-0.78723043,-2.0421119
1.3227965,2.7880478,9.652225
0.01917476,-0.8042747,-2.0719395
1.3359646,2.7844565,9.818622
0.03089267,-0.81066626,-2.1049626
1.2797008,2.7724855,9.937134
0.051132694,-0.8064052,-2.1369205
1.246182,2.6994624,10.000581
0.080960095,-0.7957525,-2.167813
1.1887212,2.64679,10.024523
0.113983296,-0.77870834,-2.1965754
1.151611,2.6204538,9.953894
0.15233281,-0.7616641,-2.2210765
1.1133038,2.60968,9.853337
0.1917476,-0.74781567,-2.2413163
1.1025299,2.610877,9.704897
0.22690132,-0.73290193,-2.2594259
1.0869676,2.565387,9.55885
0.257794,-0.72011876,-2.2764702
1.0690111,2.5151088,9.467871
0.27483824,-0.7094661,-2.2913837
1.043872,2.445677,9.358934
0.28549087,-0.69774824,-2.3052323
1.0785879,2.3630772,9.331401
0.28655612,-0.69029135,-2.3180156
1.1456255,2.3355439,9.308656
0.2790993,-0.69029135,-2.328668
1.1994951,2.3068132,9.284714
0.26525086,-0.69987875,-2.3393207
1.2354081,2.280477,9.317036
0.24607609,-0.71585774,-2.352104
1.2545617,2.2278047,9.380483
0.221575,-0.73822826,-2.3691483
1.3180081,2.1787236,9.428367
0.19813919,-0.7669904,-2.3861923
1.389834,2.160767,9.437943
0.17896444,-0.793622,-2.4032366
1.4676456,2.1152773,9.467871
0.15765914,-0.8181231,-2.420281
1.5310919,2.0602105,9.437943
0.14061491,-0.8404937,-2.437325
1.5933412,2.0219033,9.460688
0.1257012,-0.85753787,-2.4586303
1.6484078,1.9680338,9.528923
0.10972224,-0.8692558,-2.4799356
1.661576,1.9129672,9.617508
0.08735169,-0.8788432,-2.5023062
1.6627731,1.8315643,9.715671
0.040480047,-0.8926916,-2.5459821
1.6496049,1.7525556,9.807847
0.020240024,-0.9044095,-2.5683527
1.6352397,1.6352397,9.898827
-0.002130529,-0.9214538,-2.5885925
1.5885528,1.520318,10.019734
-0.01917476,-0.9395633,-2.6045716
1.5239093,1.447295,10.205285
-0.03834952,-0.95447695,-2.6152241
1.4915876,1.2844892,10.420763
-0.07989483,-0.9832391,-2.6248116
1.5095441,1.1959038,10.5919485
-0.101200126,-1.0034791,-2.6226811
1.5442601,1.1300632,10.7990465
-0.11824436,-1.0237192,-2.6184201
1.5442601,1.1300632,10.7990465
-0.11824436,-1.0237192,-2.6184201
1.5490485,1.0474633,11.230003
-0.12463594,-1.0567423,-2.59818
1.5514427,1.0043676,11.414356
-0.112918034,-1.0727214,-2.5832663
1.5346833,0.9600749,11.5316725
-0.09161274,-1.0865698,-2.5662222
1.5370775,0.9672575,11.652579
-0.05965481,-1.0887003,-2.5459821
1.5394717,0.9768343,11.686098
-0.01917476,-1.0737866,-2.5204158
1.5095441,1.0247183,11.60709
0.025566347,-1.0439591,-2.4980452
1.4496891,1.1145009,11.47062
0.07563378,-1.0034791,-2.4746094
1.3730747,1.2174516,11.238382
0.12676647,-0.95447695,-2.4511735
1.270124,1.3563153,10.919954
0.17576863,-0.89801794,-2.4256072
1.1671734,1.4939818,10.56681
0.21731395,-0.83942837,-2.3989756
1.0702082,1.6005238,10.222044
0.24820662,-0.7797736,-2.3744745
0.9504981,1.7202339,9.853337
0.26738137,-0.7254451,-2.3467777
0.78649527,1.9189527,9.296685
0.2727077,-0.64555025,-2.2860575
0.78649527,1.9189527,9.296685
0.2727077,-0.64555025,-2.2860575
0.7278373,2.0410569,9.119514
0.25885928,-0.6295713,-2.2551649
0.6667852,2.1392193,9.002198
0.23648871,-0.624245,-2.223207
0.61171854,2.1871033,8.910022
0.21092236,-0.62744075,-2.191249
0.664391,2.2349873,8.808268
0.18002969,-0.63915867,-2.1603563
0.5279215,2.2397757,8.8645315
0.14594123,-0.65726817,-2.1326594
0.4225766,2.2493525,8.86932
0.111852765,-0.6785734,-2.1038973
0.4225766,2.2493525,8.86932
0.111852765,-0.6785734,-2.1038973
0.4237737,2.2409728,8.850166
0.07669904,-0.71479243,-2.0751352
0.48123455,2.2732944,9.0081835
0.041545313,-0.76592517,-2.049569
0.5291186,2.3139958,9.163807
0.012783174,-0.81918836,-2.026133
0.581791,2.3391352,9.320627
-0.008522116,-0.8681905,-2.010154
0.61530983,2.327164,9.461885
-0.02130529,-0.9086706,-1.9984361
0.62847793,2.3247697,9.57561
-0.025566347,-0.9395633,-1.9877834
0.61291564,2.3139958,9.533711
-0.024501082,-0.96299905,-1.9824572
0.62249243,2.303222,9.461885
-0.022370555,-0.97897804,-1.9781961
0.6380547,2.3187842,9.423578
-0.020240024,-0.9864349,-1.9792614
0.6548142,2.3750482,9.355343
-0.020240024,-0.98856544,-1.9803267
0.6655881,2.4468741,9.272743
-0.022370555,-0.9864349,-1.9845877
0.6655881,2.4959552,9.222465
-0.025566347,-0.98110855,-1.9920446
0.6811504,2.5390508,9.143456
-0.029827405,-0.9779128,-1.9984361
0.6943185,2.5390508,9.084799
-0.035153728,-0.97258645,-2.005893
-0.043675844,-0.96619487,-2.0122845
0.7158663,2.5462334,9.052477
-0.043675844,-0.96619487,-2.0122845
0.7158663,2.5462334,9.052477
0.8283938,2.610877,9.096769
-0.06391586,-0.958738,-2.021872
0.8283938,2.610877,9.096769
-0.06391586,-0.958738,-2.021872
0.8870517,2.6503813,9.153033
-0.07669904,-0.95660746,-2.0293288
0.94810385,2.681506,9.209297
-0.08735169,-0.9534117,-2.0367856
1.0259154,2.7126305,9.238028
-0.096939065,-0.9502159,-2.0453076
1.0486604,2.7138276,9.330204
-0.10546118,-0.9502159,-2.0527647
1.0737995,2.719813,9.424775
-0.112918034,-0.9491506,-2.0570257
1.1073183,2.7222073,9.543288
-0.11717909,-0.9438243,-2.058091
1.127669,2.730587,9.654618
-0.12037488,-0.93636745,-2.0570257
1.163582,2.718616,9.7479925
-0.12037488,-0.9321064,-2.0548952
1.2018893,2.7162218,9.868899
-0.11930962,-0.92784536,-2.05383
1.2354081,2.730587,9.90601
-0.113983296,-0.9267801,-2.0516994
1.2437878,2.731784,9.935937
-0.10333065,-0.9289106,-2.049569
1.2485762,2.718616,9.92636
-0.09267801,-0.9321064,-2.0474384
1.246182,2.7365725,9.874885
-0.07989483,-0.9321064,-2.0442424
1.2210429,2.7581203,9.831789
-0.068176925,-0.9310411,-2.0378509
1.2497733,2.8167782,9.764751
-0.05752428,-0.9257148,-2.0314593
1.2725182,2.8335378,9.704897
-0.0479369,-0.91825795,-2.0240026
1.2641385,2.8766334,9.680955
-0.04261058,-0.90654004,-2.0165455
1.2198458,2.9137435,9.694122
-0.037284255,-0.89162636,-2.005893
1.1683705,2.9616275,9.654618
-0.03195793,-0.87351686,-1.9931098
1.1767502,3.0059202,9.643845
-0.023435818,-0.85753787,-1.9792614
1.1384429,3.0442274,9.621099
-0.013848438,-0.8447547,-1.9643476
-0.001065265,-0.829841,-1.9504992
1.1647792,3.1052797,9.624691
1.1432313,3.1507695,9.475053
0.03089267,-0.8042747,-1.929194
1.0869676,3.1256304,9.362526
0.0479369,-0.7914915,-1.9196066
1.0067618,3.1771057,9.306262
0.06178534,-0.7819041,-1.9078887
0.90141696,3.1974564,9.218874
0.07456851,-0.77231675,-1.8951055
0.8535329,3.2106245,9.107543
0.082025364,-0.76592517,-1.881257
0.82360536,3.228581,9.020155
0.08841695,-0.7616641,-1.8684739
0.79846627,3.2836475,8.907627
0.0958738,-0.7584683,-1.8556907
0.80684596,3.3255463,8.878897
0.10013486,-0.7552725,-1.845038
0.81043726,3.3554738,8.784326
0.10546118,-0.75101143,-1.8365159
0.78529817,3.4141316,8.75799
0.10972224,-0.74781567,-1.8301244
0.7673417,3.4703953,8.678981
0.1107875,-0.74781567,-1.8226675
0.7278373,3.4847605,8.678981
0.111852765,-0.74461985,-1.8184065
0.7134721,3.4919431,8.631097
0.10972224,-0.7414241,-1.8130801
0.7374141,3.539827,8.561666
0.10546118,-0.74035877,-1.808819
0.7457938,3.5685577,8.6095495
0.10333065,-0.7414241,-1.8077538
0.7338228,3.58412,8.605958
0.10013486,-0.7435546,-1.8098843
0.7350199,3.6020765,8.661025
0.096939065,-0.74461985,-1.8120148
0.6919243,3.5996823,8.635885
0.099069595,-0.7488809,-1.8130801
0.6404489,3.5649664,8.561666
0.101200126,-0.75101143,-1.8141453
0.5650316,3.5613751,8.529344
0.10226539,-0.7616641,-1.8141453
0.51714754,3.5853171,8.514978
0.101200126,-0.777643,-1.8130801
0.50517654,3.6116533,8.519767
0.10013486,-0.7978831,-1.8098843
0.49200845,3.6260185,8.526949
0.10013486,-0.8181231,-1.8056233
0.49200845,3.6260185,8.526949
0.10013486,-0.8181231,-1.8056233
0.5410896,3.702633,8.51019
0.09267801,-0.84368944,-1.7928401
0.59017074,3.74094,8.483853
0.08841695,-0.8543421,-1.7896442
0.62967503,3.774459,8.544906
0.08522116,-0.8671253,-1.788579
0.6799533,3.7984009,8.602366
0.084155895,-0.87990844,-1.7875137
0.7529764,3.8139634,8.615535
0.083090626,-0.89375687,-1.784318
0.8726865,3.8654387,8.643068
0.08841695,-0.9076053,-1.7811222
0.9564836,3.8654387,8.637083
0.08948222,-0.92038846,-1.780057
1.0055647,3.8893807,8.6813755
0.09161274,-0.93423694,-1.7789917
1.0618285,3.879804,8.698134
0.09054748,-0.9438243,-1.7789917
1.0905589,3.8786068,8.728063
0.09161274,-0.9534117,-1.7768611
1.1192893,3.8857894,8.761581
0.09374327,-0.96299905,-1.7779263
1.1192893,3.8857894,8.761581
0.09374327,-0.96299905,-1.7779263
1.1145009,3.894169,8.799889
0.098004326,-0.97258645,-1.7768611
1.1372458,3.858256,8.856153
0.10439592,-0.9917612,-1.7704695
1.151611,3.8594532,8.851364
0.10333065,-0.98750013,-1.7662084
1.1456255,3.881001,8.9279785
0.099069595,-0.9715212,-1.7587516
1.1049241,3.879804,8.983045
0.09161274,-0.9491506,-1.7502295
1.0295067,3.904943,9.14585
0.08522116,-0.9139969,-1.7385116
0.9636662,3.9516299,9.248801
0.080960095,-0.8681905,-1.7235979
0.8643068,4.0066967,9.308656
0.07989483,-0.8181231,-1.7086842
0.7469909,4.110844,9.270349
0.082025364,-0.7637946,-1.6927053
0.5686229,4.24492,9.2308445
0.07989483,-0.71159667,-1.675661
0.37828386,4.3526587,9.155427
0.07669904,-0.65726817,-1.6575515
0.37828386,4.3526587,9.155427
0.07669904,-0.65726817,-1.6575515
0.37828386,4.3526587,9.155427
0.07669904,-0.65726817,-1.6575515
-0.05746084,4.4436383,9.001001
0.06498113,-0.5411543,-1.6096146
-0.2633622,4.396951,8.967483
0.0479369,-0.47191215,-1.5765914
-0.2633622,4.396951,8.967483
0.0479369,-0.47191215,-1.5765914
-0.545878,4.277241,9.0476885
0.014913702,-0.3888215,-1.5371766
-0.8690952,4.0653543,9.241618
-0.02876214,-0.2972088,-1.4860439
-1.1623849,3.7936125,9.564836
-0.084155895,-0.2034655,-1.4231933
-1.328782,3.5242648,9.944317
-0.14274544,-0.12463594,-1.3528858
-1.3934253,3.2357635,10.225636
-0.19920446,-0.068176925,-1.2815131
-1.3706805,2.9352913,10.492589
-0.25353295,-0.037284255,-1.2154667
-1.3323733,2.6408045,10.815806
-0.30679616,-0.04580637,-1.1611383
-1.2258313,2.3882163,11.249157
-0.3568636,-0.099069595,-1.1206582
-1.0845734,2.1799207,11.769896
-0.3888215,-0.19600865,-1.0929613
-1.0845734,2.1799207,11.769896
-0.3888215,-0.19600865,-1.0929613
-0.93732995,1.9907787,12.36246
-0.39840892,-0.32490566,-1.0791129
-0.79248077,1.7741034,12.905944
-0.37603834,-0.47510794,-1.0780476
-0.688333,1.5705963,13.300987
-0.3174488,-0.628506,-1.0833739
-0.59136784,1.459266,13.424289
-0.22583607,-0.773382,-1.091896
-0.47884035,1.4341269,13.286622
-0.10972224,-0.902279,-1.1046792
-0.31603462,1.472434,12.946646
0.018109497,-1.0066749,-1.1227888
-0.21667525,1.567005,12.579136
0.1470065,-1.0737866,-1.144094
-0.14724341,1.6687586,12.052411
0.27164245,-1.0940266,-1.1664646
-0.11492168,1.7561469,11.445481
0.38456047,-1.0684602,-1.1856394
-0.1448492,1.8327614,10.680533
0.48043427,-1.0098706,-1.1994878
-0.19033903,1.9033904,9.959879
0.55074173,-0.9353022,-1.2090752
-0.19033903,1.9033904,9.959879
0.55074173,-0.9353022,-1.2090752
-0.19033903,1.9033904,9.959879
0.55074173,-0.9353022,-1.2090752
-0.21428105,2.0171149,9.233239
0.59867865,-0.85753787,-1.2144015
-0.2896984,2.3822308,8.137892
0.6221144,-0.7233146,-1.2250541
-0.41060558,2.5773582,7.7248917
0.60720074,-0.6711166,-1.2293152
-0.41060558,2.5773582,7.7248917
0.60720074,-0.6711166,-1.2293152
-0.51714754,2.789245,7.3609734
0.5763081,-0.6359629,-1.2314457
-0.59495914,2.9628246,7.0712748
0.53263223,-0.6135923,-1.2314457
-0.6440403,3.0813377,6.895301
0.47830373,-0.60080916,-1.2261194
-0.6572084,3.1723173,6.8522053
0.4101268,-0.59761333,-1.216532
-0.62847793,3.193865,6.8881183
0.33449304,-0.5997439,-1.2048141
-0.5602432,3.192668,7.076063
0.25246766,-0.60933125,-1.1888351
-0.50637364,3.169923,7.3657618
0.165116,-0.6263755,-1.1739215
-0.39743748,3.1292217,7.7464395
0.082025364,-0.64555025,-1.1632688
-0.2813187,3.0550013,8.149862
0.008522116,-0.6625945,-1.1558119
-0.2813187,3.0550013,8.149862
0.008522116,-0.6625945,-1.1558119
-0.12330139,2.954445,8.552089
-0.058589544,-0.680704,-1.1526161
-0.02633622,2.847903,8.853758
-0.12037488,-0.6945524,-1.1515509
0.06464344,2.7162218,9.114726
-0.17576863,-0.7094661,-1.1526161
0.079008654,2.565387,9.323022
-0.22264028,-0.7222493,-1.1526161
0.10055647,2.44448,9.526528
-0.26738137,-0.737163,-1.1536814
0.08379706,2.3295584,9.788693
-0.30466563,-0.7456851,-1.1536814
0.08379706,2.3295584,9.788693
-0.30466563,-0.7456851,-1.1536814
0.06464344,2.2409728,10.081984
-0.33768883,-0.75101143,-1.1515509
0.089782566,2.184709,10.335769
-0.36005938,-0.7499462,-1.1451592
0.089782566,2.184709,10.335769
-0.36005938,-0.7499462,-1.1451592
0.12330139,2.148796,10.648212
-0.37071204,-0.7435546,-1.1366372
0.20829555,2.1188686,10.821792
-0.3653857,-0.72651035,-1.1302456
0.24899697,2.1332338,10.9834
-0.34621096,-0.700944,-1.1227888
0.2801216,2.1619642,11.019313
-0.31318775,-0.6625945,-1.1142666
0.21428105,2.2110453,10.817003
-0.21092236,-0.5656554,-1.0972224
0.21428105,2.2110453,10.817003
-0.21092236,-0.5656554,-1.0972224
0.16759412,2.2732944,10.583569
-0.15020229,-0.5123922,-1.0855045
0.12090719,2.3235726,10.222044
-0.08948222,-0.45699844,-1.0748519
-0.039504327,2.5067291,9.276335
0.012783174,-0.36964676,-1.0546118
-0.039504327,2.5067291,9.276335
0.012783174,-0.36964676,-1.0546118
-0.1316811,2.6132712,8.775947
0.04580637,-0.34621096,-1.0482203
-0.25378537,2.6539726,8.328231
0.066046394,-0.33662358,-1.0418286
-0.34237084,2.7365725,7.9511437
0.07350325,-0.3334278,-1.0343717
-0.40581718,2.8095956,7.644686
0.07137272,-0.3334278,-1.0258497
-0.4309563,2.906561,7.419631
0.0628506,-0.33449304,-1.015197
-0.39145198,3.0119057,7.2209125
0.053263225,-0.3387541,-1.0056096
-0.33877954,3.1292217,7.052121
0.043675844,-0.34194988,-1.0002834
-0.35314476,3.2106245,6.9252286
0.034088463,-0.34940675,-0.99708754
-0.3184288,3.2944214,6.805518
0.025566347,-0.36218992,-0.99495703
-0.2873042,3.321955,6.683414
0.011717909,-0.37816888,-0.99282646
-0.29688102,3.3842041,6.587646
-0.006391587,-0.39734364,-0.99069595
-0.25139117,3.4440591,6.5026517
-0.029827405,-0.41438788,-0.9864349
-0.24061728,3.4799721,6.5002575
-0.05752428,-0.4293016,-0.9832391
-0.23223756,3.4811692,6.5469446
-0.08522116,-0.43995422,-0.9768475
-0.23223756,3.4811692,6.5469446
-0.08522116,-0.43995422,-0.9768475
-0.20470424,3.4811692,6.6403184
-0.11611383,-0.44315,-0.9683254
-0.18794483,3.4488475,6.805518
-0.1470065,-0.4463458,-0.958738
-0.19512744,3.4380736,6.9826894
-0.17470337,-0.4463458,-0.9502159
-0.16280572,3.429694,7.1227503
-0.20240025,-0.44421527,-0.9406285
-0.12808979,3.4093432,7.301118
-0.23009712,-0.43675843,-0.92997587
-0.11492168,3.369839,7.5082164
-0.25672874,-0.4250405,-0.91612744
-0.08259996,3.3842041,7.773973
-0.28229508,-0.41545314,-0.9012137
-0.059855044,3.4093432,8.074445
-0.30146983,-0.4101268,-0.8852348
-0.015562311,3.4153287,8.354567
-0.3110572,-0.406931,-0.87032104
-0.001197101,3.393781,8.62152
-0.31318775,-0.39627838,-0.8586032
-0.009576807,3.3758245,8.844181
-0.30999196,-0.38029942,-0.8511463
-0.009576807,3.3482912,9.01776
-0.30466563,-0.36325517,-0.84155893
-0.027533319,3.3267434,9.220071
-0.29507825,-0.34301516,-0.8341021
-0.04309563,3.3147724,9.473856
-0.28122982,-0.31851408,-0.82557994
-0.077811554,3.3123782,9.636662
-0.26312032,-0.28655612,-0.8202536
-0.077811554,3.3123782,9.636662
-0.26312032,-0.28655612,-0.8202536
-0.10654198,3.3255463,9.791088
-0.23648871,-0.25353295,-0.8159926
-0.11731588,3.3327289,9.91439
-0.2034655,-0.22370553,-0.813862
-0.10414778,3.3973722,9.940725
-0.16618125,-0.19600865,-0.81066626
-0.11133038,3.4608185,9.847352
-0.12463594,-0.17576863,-0.8117315
-0.12090719,3.5577838,9.701305
-0.08522116,-0.15978967,-0.8149273
-0.16879122,3.6284127,9.476251
-0.05006743,-0.15020229,-0.81918836
-0.21188685,3.7612908,9.056067
-0.005326322,-0.14807177,-0.81918836
-0.21188685,3.7612908,9.056067
-0.005326322,-0.14807177,-0.81918836
0,-0.15339808,-0.8159926
-0.19632454,3.8355112,8.797494
0,-0.15339808,-0.8159926
-0.19632454,3.8355112,8.797494
-0.18794483,3.930082,8.611943
-0.005326322,-0.16618125,-0.813862
-0.16519992,3.9923313,8.555679
-0.017044231,-0.18535602,-0.8117315
-0.12808979,4.0557775,8.546103
-0.035153728,-0.20559604,-0.81066626
-0.088585466,4.1132383,8.640674
-0.053263225,-0.22370553,-0.809601
-0.04070143,4.1479545,8.724471
-0.06711166,-0.24181503,-0.8064052
0.04189853,4.176685,8.856153
-0.0777643,-0.257794,-0.80533993
0.12330139,4.1611223,9.029732
-0.08522116,-0.27377295,-0.8042747
0.16998832,4.177882,9.179369
-0.08735169,-0.28655612,-0.809601
0.18794483,4.19105,9.346964
-0.08735169,-0.294013,-0.8117315
0.19632454,4.1742907,9.482236
-0.083090626,-0.29614353,-0.8159926
0.20590134,4.2078094,9.595961
-0.07350325,-0.29294774,-0.8181231
0.25977087,4.226963,9.738416
-0.06391586,-0.2876214,-0.8181231
0.2896984,4.2461166,9.876082
-0.051132694,-0.28549087,-0.8181231
0.36750996,4.2916064,9.975441
-0.034088463,-0.28122982,-0.8223842
0.41180268,4.331111,9.969456
-0.015978966,-0.2790993,-0.8266452
0.45968673,4.358644,10.014946
0.001065265,-0.27483824,-0.83516735
0.49081135,4.414908,9.994595
0.01917476,-0.27483824,-0.8426242
0.49799395,4.4759603,9.973047
0.033023197,-0.2759035,-0.850081
0.51595044,4.5418005,9.894038
0.04261058,-0.28336033,-0.8586032
0.50278234,4.59567,9.846154
0.0479369,-0.294013,-0.86606
0.5231331,4.6495395,9.816227
0.049002163,-0.3057309,-0.87138635
0.5398925,4.6662993,9.788693
0.04580637,-0.3174488,-0.8788432
0.5398925,4.6662993,9.788693
0.04580637,-0.3174488,-0.8788432
0.5710171,4.698621,9.78989
0.034088463,-0.3270362,-0.8841695
0.59615624,4.691438,9.824607
0.01917476,-0.3355583,-0.8905611
0.6368576,4.673482,9.873688
0.001065265,-0.34621096,-0.89588743
0.6607997,4.697424,10.031705
-0.017044231,-0.35792887,-0.8990832
0.7386112,4.6902413,10.210073
-0.03195793,-0.37284255,-0.9033443
0.80325466,4.691438,10.376471
-0.043675844,-0.3834952,-0.9086706
0.80325466,4.691438,10.376471
-0.043675844,-0.3834952,-0.9086706
0.81163436,4.781221,10.46745
-0.051132694,-0.39840892,-0.91612744
0.7661445,4.9703627,10.500969
-0.056459017,-0.4133226,-0.9257148
0.6823475,5.197812,10.443508
-0.06178534,-0.42184472,-0.93423694
0.6380547,5.3199162,10.392033
-0.07137272,-0.4250405,-0.94275904
0.6440403,5.2923827,10.359711
-0.08522116,-0.42077947,-0.94488955
0.7469909,5.097255,10.388441
-0.1107875,-0.4165184,-0.94595486
0.8523358,4.819528,10.554838
-0.1470065,-0.4111921,-0.9438243
0.92057055,4.531027,10.900801
-0.19068234,-0.40373522,-0.9395633
0.92057055,4.531027,10.900801
-0.19068234,-0.40373522,-0.9395633
0.94690675,4.2796354,11.391612
-0.23542345,-0.3898868,-0.92997587
1.1587936,3.834314,12.40795
-0.30253512,-0.34408042,-0.9012137
1.282095,3.5817258,12.831724
-0.314253,-0.3153183,-0.89375687
1.4053963,3.2956185,13.249513
-0.30466563,-0.28655612,-0.89588743
1.4496891,3.003526,13.639767
-0.2727077,-0.25672874,-0.90014845
1.4748282,2.7497406,13.966576
-0.21624869,-0.2247708,-0.9086706
1.4664485,2.5582044,14.135366
-0.13209279,-0.19281286,-0.91825795
1.4748282,2.4504654,14.062344
-0.02130529,-0.16192019,-0.9267801
1.460463,2.3355439,13.682862
0.111852765,-0.13422333,-0.93849796
1.412579,2.2469583,13.035232
0.25672874,-0.10652645,-0.95447695
1.3634979,2.1930888,12.12304
0.39947417,-0.080960095,-0.96939063
1.2808979,2.1871033,11.095928
0.5251754,-0.05752428,-0.98430437
1.1540052,2.280477,10.04607
0.628506,-0.036218993,-1.0002834
0.9911995,2.36188,9.032125
0.7030745,-0.020240024,-1.0162623
0.7410054,2.4600422,8.1319065
0.74461985,-0.012783174,-1.0322412
0.7410054,2.4600422,8.1319065
0.74461985,-0.012783174,-1.0322412
0.5315128,2.5115175,7.3190746
0.7520767,-0.010652645,-1.0396981
0.2741361,2.610877,6.145916
0.69029135,-0.022370555,-1.0333065
0.23702596,2.64679,5.864597
0.6263755,-0.027696876,-1.0226538
0.21308395,2.6922798,5.771223
0.5475459,-0.029827405,-1.010936
0.23104046,2.7281928,5.795165
0.46552056,-0.03089267,-1.0013486
0.24420857,2.7210102,6.007052
0.3834952,-0.037284255,-0.99282646
0.25498247,2.681506,6.315904
0.30360037,-0.05539375,-0.98430437
0.22266077,2.6396074,6.564901
0.23435818,-0.080960095,-0.9757822
0.23104046,2.5582044,6.841431
0.17576863,-0.12463594,-0.9672601
0.25977087,2.4708161,7.1047935
0.12783173,-0.18642128,-0.958738
0.30406362,2.3798366,7.3789296
0.08735169,-0.2545982,-0.9502159
0.37828386,2.328361,7.606379
0.053263225,-0.3153183,-0.9416938
0.50278234,2.2900538,7.869741
0.024501082,-0.36645097,-0.9353022
0.5746084,2.2637177,8.094796
-0.003195793,-0.40053943,-0.92997587
0.5542577,2.1978772,8.271967
-0.026631612,-0.42397526,-0.92464954
0.51834464,2.055422,8.372523
-0.049002163,-0.43356264,-0.91825795
0.4165911,1.9081788,8.519767
-0.06924219,-0.4314321,-0.9033443
0.2825158,1.7776948,8.631097
-0.08628642,-0.41971418,-0.8831042
0.18195933,1.7274165,8.742428
-0.10226539,-0.40053943,-0.8586032
0.15442601,1.7010803,8.925584
-0.11611383,-0.37071204,-0.829841
0.10175357,1.7106571,9.151836
-0.1257012,-0.3270362,-0.79894835
0.08379706,1.7286136,9.358934
-0.1257012,-0.27164245,-0.77231675
0.06823475,1.7908629,9.528923
-0.1107875,-0.20772657,-0.7488809
0.06584055,1.8387469,9.592369
-0.080960095,-0.14061491,-0.7307714
0.019153614,1.8782512,9.518148
-0.04261058,-0.082025364,-0.7137272
-0.002394202,1.982399,9.3661175
0.004261058,-0.029827405,-0.70200926
-0.1388637,2.0805612,9.126697
0.05219796,0.011717909,-0.6924219
-0.31244332,2.15957,8.78672
0.094808534,0.043675844,-0.68176925
-0.50397944,2.2589293,8.412027
0.13315806,0.06498113,-0.6689861
-0.6380547,2.3307555,8.045714
0.16298546,0.07456851,-0.65194184
0.18109496,0.07563378,-0.6317018
-0.7422025,2.4241292,7.666234
-0.80804306,2.5450363,7.3298483
0.18961707,0.07350325,-0.6125271
-0.89184016,2.802413,6.8186865
0.18535602,0.06178534,-0.5763081
-0.89184016,2.802413,6.8186865
0.18535602,0.06178534,-0.5763081
-0.90261406,2.8886044,6.5684924
0.1768339,0.054328486,-0.56245965
-0.91697925,2.992752,6.351817
0.16085494,0.040480047,-0.5496765
-0.9600749,3.1016884,6.2392898
0.14061491,0.020240024,-0.5400891
-0.9995792,3.1711202,6.167464
0.11717909,-0.005326322,-0.5273059
-1.0546459,3.2692823,6.1112
0.09267801,-0.037284255,-0.51452273
-1.055843,3.3435028,6.0561333
0.06498113,-0.07137272,-0.50173956
-1.0378864,3.4237084,6.039374
0.036218993,-0.1107875,-0.4857606
-1.009156,3.4524388,6.066907
0.006391587,-0.14594123,-0.46871635
-1.0103531,3.503914,6.1770406
-0.024501082,-0.1768339,-0.44847634
-0.9923966,3.5362358,6.283582
-0.056459017,-0.20240025,-0.4261058
-0.9516952,3.5984852,6.3697734
-0.08948222,-0.22583607,-0.40266997
-0.89303726,3.6260185,6.5577183
-0.12144015,-0.24394555,-0.37816888
-0.80804306,3.642778,6.7719994
-0.15233281,-0.25885928,-0.35473305
-0.6931214,3.66672,7.0186024
-0.18002969,-0.26738137,-0.33129725
-0.5638345,3.669114,7.2568254
-0.20240025,-0.27164245,-0.30999196
-0.4297592,3.7098155,7.5572977
-0.2247708,-0.2727077,-0.29188246
-0.33758244,3.7325604,7.831434
-0.24607609,-0.2695119,-0.2759035
-0.23702596,3.74094,8.146272
-0.26205507,-0.26312032,-0.26205507
-0.16639702,3.7373488,8.459911
-0.27164245,-0.257794,-0.24714136
-0.1328782,3.714604,8.810662
-0.2759035,-0.2545982,-0.23329292
-0.074220255,3.726575,9.121908
-0.27164245,-0.24927188,-0.21944448
-0.074220255,3.726575,9.121908
-0.27164245,-0.24927188,-0.21944448
-0.02633622,3.7086184,9.406818
-0.26205507,-0.24181503,-0.20453078
-0.02633622,3.7086184,9.406818
-0.26205507,-0.24181503,-0.20453078
0.12210429,3.763685,9.949105
-0.20133498,-0.18855181,-0.17576863
0.09816227,3.787627,10.09994
-0.17576863,-0.16192019,-0.17044231
0.062249243,3.8283286,10.189722
-0.15126756,-0.13315806,-0.16937704
0.021547815,3.8893807,10.320207
-0.12250541,-0.10652645,-0.16618125
-0.050278235,3.9588125,10.439917
-0.09054748,-0.07882957,-0.15978967
-0.09696517,4.0462008,10.462662
-0.054328486,-0.05539375,-0.15233281
-0.12449849,4.1180267,10.436325
-0.014913702,-0.033023197,-0.14594123
-0.14844051,4.19943,10.344149
0.020240024,-0.014913702,-0.13741912
-0.16879122,4.31076,10.29387
0.053263225,-0.001065265,-0.1257012
-0.15801731,4.4113164,10.104729
0.07882957,0.011717909,-0.11611383
-0.18315643,4.522647,9.974244
0.101200126,0.020240024,-0.10652645
-0.24181437,4.583699,9.835381
0.11611383,0.022370555,-0.0958738
-0.2681506,4.6698904,9.706094
0.12463594,0.02130529,-0.083090626
-0.320823,4.748899,9.527725
0.12676647,0.014913702,-0.07243799
-0.34835634,4.805163,9.41879
0.12037488,0.001065265,-0.05965481
-0.36631286,4.8494554,9.358934
0.10333065,-0.018109497,-0.0479369
-0.36511576,4.8662148,9.343372
0.07989483,-0.040480047,-0.035153728
-0.29448682,4.8901567,9.416395
0.053263225,-0.05752428,-0.020240024
-0.16519992,4.9416323,9.543288
0.027696876,-0.07669904,-0.007456851
-0.16519992,4.9416323,9.543288
0.027696876,-0.07669904,-0.007456851
-0.05626374,4.9943047,9.738416
0.006391587,-0.09267801,0.003195793
0.04070143,5.0278234,9.925163
-0.007456851,-0.10865697,0.007456851
0.076614454,5.0374002,10.1226845
-0.014913702,-0.12144015,0.007456851
0.142455,5.032612,10.243592
-0.014913702,-0.12783173,0.006391587
0.14963761,5.0026846,10.317812
-0.00958738,-0.128897,0.005326322
0.1340753,4.9655743,10.336966
0,-0.12676647,0.004261058
0.094570965,4.9907136,10.283096
0.008522116,-0.12357068,0.004261058
0.055066638,5.142745,10.232818
0.010652645,-0.11717909,0.005326322
-0.049081136,5.42167,10.04607
0.00958738,-0.10865697,0.001065265
-0.20470424,5.6646814,9.7863
-0.003195793,-0.09374327,-0.006391587
-0.33997664,5.7161565,9.572019
-0.022370555,-0.07350325,-0.010652645
-0.4429273,5.6203885,9.387665
-0.05539375,-0.0479369,-0.005326322
-0.51954174,5.3833623,9.330204
-0.10013486,-0.02130529,0.010652645
-0.51954174,5.3833623,9.330204
-0.10013486,-0.02130529,0.010652645
-0.5602432,5.080496,9.449914
-0.1555286,0.00958738,0.037284255
-0.5518635,4.735731,9.703699
-0.22690132,0.046871636,0.07137272
-0.46926352,4.394557,10.108319
-0.3057309,0.08735169,0.10865697
-0.38307226,4.0186677,10.649409
-0.3898868,0.12144015,0.14594123
-0.32321724,3.6463692,11.355699
-0.4644553,0.15126756,0.17896444
-0.32321724,3.6463692,11.355699
-0.4644553,0.15126756,0.17896444
-0.1388637,2.9161377,12.899959
-0.5571333,0.19707392,0.22903186
-0.04189853,2.5881321,13.65533
-0.5550028,0.21624869,0.23861924
0.009576807,2.3199813,14.273033
-0.51452273,0.23116238,0.23861924
0.03232172,2.0853498,14.700398
-0.43356264,0.2428803,0.23009712
0.039504327,1.9117701,14.841657
-0.3121225,0.2428803,0.21411815
0.007182605,1.7956513,14.707581
-0.15446335,0.22583607,0.18961707
-0.059855044,1.7405846,14.234726
0.027696876,0.19281286,0.16298546
-0.12330139,1.7154455,13.414712
0.21944448,0.14913702,0.13528858
-0.15682021,1.7262194,12.404359
0.4016047,0.10546118,0.10759171
-0.15682021,1.8507179,11.159374
0.5592638,0.066046394,0.084155895
-0.1352724,2.054225,9.895236
0.67963874,0.03195793,0.06498113
-0.1352724,2.054225,9.895236
0.67963874,0.03195793,0.06498113
-0.21068975,2.4851813,7.6470804
0.7850999,-0.015978966,0.029827405
-0.24660277,2.6479871,6.739678
0.777643,-0.03089267,0.022370555
-0.24660277,2.7688942,5.911284
0.73290193,-0.043675844,0.01917476
-0.24660277,2.7688942,5.911284
0.73290193,-0.043675844,0.01917476
-0.21906945,2.8658595,5.3761797
0.65513766,-0.058589544,0.018109497
-0.18195933,2.967613,5.109226
0.5592638,-0.07243799,0.022370555
-0.11971009,3.0933087,5.0254292
0.4527374,-0.082025364,0.02876214
-0.059855044,3.1890767,5.171476
0.34408042,-0.08735169,0.036218993
-0.059855044,3.1890767,5.171476
0.34408042,-0.08735169,0.036218993
-0.016759412,3.2273839,5.4504004
0.23648871,-0.08628642,0.043675844
-0.03232172,3.2034419,5.827487
0.13635385,-0.07669904,0.05539375
-0.023942016,3.1519666,6.2728086
0.04474111,-0.06711166,0.070307456
-0.015562311,3.0597897,6.7205243
-0.037284255,-0.06178534,0.08522116
-0.08020575,2.9640217,7.189788
-0.10333065,-0.06391586,0.10652645
-0.1604115,2.8335378,7.716512
-0.15659387,-0.06924219,0.128897
-0.23582886,2.693477,8.220491
-0.19707392,-0.06711166,0.15659387
-0.32920274,2.5306711,8.689755
-0.22370553,-0.05219796,0.18961707
-0.36391866,2.349909,9.094376
-0.24394555,-0.027696876,0.22796659
-0.3890578,2.195483,9.421184
-0.26205507,0.003195793,0.27057716
-0.36990416,2.0590134,9.676167
-0.28016454,0.03195793,0.31318775
-0.32321724,1.9716251,9.9550905
-0.29614353,0.05539375,0.350472
-0.23942018,1.9369092,10.229227
-0.3057309,0.06711166,0.38029942
-0.16280572,1.9440918,10.423157
-0.30253512,0.068176925,0.4016047
-0.09696517,2.0242975,10.645818
-0.28868666,0.05539375,0.4133226
-0.003591303,2.1045034,10.737994
-0.25885928,0.03195793,0.41758367
-0.003591303,2.1045034,10.737994
-0.25885928,0.03195793,0.41758367
0.092176765,2.1990743,10.718841
-0.2130529,0.001065265,0.4165184
0.092176765,2.1990743,10.718841
-0.2130529,0.001065265,0.4165184
0.2825158,2.4516625,10.357317
-0.08522116,-0.07350325,0.39521313
0.32441434,2.5486276,9.933543
-0.014913702,-0.1107875,0.37603834
0.3196259,2.6563668,9.472659
0.051132694,-0.13635385,0.35260254
0.29927522,2.754529,9.015367
0.10546118,-0.14168017,0.330232
0.2825158,2.8802247,8.544906
0.14807177,-0.128897,0.3110572
0.2825158,3.0083144,8.115147
0.18002969,-0.10652645,0.29188246
0.23822308,3.1184478,7.7105265
0.20559604,-0.084155895,0.27057716
0.24779987,3.205836,7.368156
0.22264028,-0.068176925,0.25353295
0.2813187,3.2704794,7.035362
0.23329292,-0.060720075,0.23435818
0.32202014,3.3327289,6.7348895
0.23755397,-0.05752428,0.21518342
0.36391866,3.3722332,6.51582
0.23116238,-0.05965481,0.20133498
0.4141969,3.4584243,6.307524
0.21944448,-0.0628506,0.18961707
0.46686932,3.539827,6.197391
0.20026971,-0.070307456,0.18216023
0.51954174,3.618836,6.114791
0.17470337,-0.07456851,0.17470337
0.5506664,3.6750996,6.1004257
0.1438107,-0.082025364,0.16937704
0.58298814,3.7086184,6.1985884
0.113983296,-0.08841695,0.165116
0.61291564,3.763685,6.349423
0.08841695,-0.09267801,0.16298546
0.62009823,3.7672763,6.5026517
0.066046394,-0.09161274,0.15978967
0.62608373,3.7720647,6.609194
0.05006743,-0.09161274,0.15659387
0.62967503,3.7780502,6.739678
0.039414786,-0.09374327,0.15339808
0.62967503,3.7732618,6.849811
0.02876214,-0.101200126,0.14807177
0.5770026,3.7588966,7.0066314
0.020240024,-0.10972224,0.1438107
0.5770026,3.7588966,7.0066314
0.020240024,-0.10972224,0.1438107
0.5781997,3.7433343,7.1909847
0.013848438,-0.111852765,0.13848437
0.5470751,3.715801,7.357382
0.008522116,-0.11504856,0.13528858
0.5410896,3.715801,7.5285673
0.004261058,-0.113983296,0.12996227
0.5315128,3.7205894,7.716512
0,-0.1107875,0.12037488
0.49919105,3.715801,7.952341
-0.002130529,-0.10865697,0.10972224
0.45968673,3.678691,8.163031
0.001065265,-0.10652645,0.099069595
0.40701428,3.66672,8.364143
0.008522116,-0.10546118,0.09161274
0.38187516,3.6511576,8.512584
0.01917476,-0.10226539,0.08522116
0.39504328,3.5972881,8.731653
0.035153728,-0.099069595,0.080960095
0.4165911,3.6092591,8.899248
0.053263225,-0.096939065,0.07669904
0.39983168,3.643975,9.0081835
0.07563378,-0.094808534,0.07137272
0.39025488,3.669114,9.157822
0.10226539,-0.09267801,0.06498113
0.39025488,3.669114,9.157822
0.10226539,-0.09267801,0.06498113
0.35075054,3.7110126,9.2069025
0.12996227,-0.08948222,0.056459017
0.33159694,3.7301662,9.247604
0.16192019,-0.08522116,0.0479369
0.2705448,3.774459,9.17099
0.1917476,-0.07669904,0.039414786
0.22505496,3.8115692,9.08001
0.21944448,-0.06924219,0.033023197
0.15203181,3.9073372,8.995016
0.23755397,-0.06391586,0.029827405
0.06823475,3.9624038,8.91481
0.24820662,-0.058589544,0.02876214
-0.007182605,3.9983168,8.846576
0.2514024,-0.053263225,0.03089267
-0.049081136,4.060566,8.825027
0.24820662,-0.05219796,0.035153728
-0.11492168,4.11683,8.7951
0.2396845,-0.053263225,0.039414786
-0.11492168,4.1862617,8.787917
0.22796659,-0.056459017,0.043675844
-0.073023155,4.295198,8.911219
0.21411815,-0.0628506,0.0479369
-0.01316811,4.3897686,8.944737
0.20453078,-0.068176925,0.046871636
0.010773907,4.459201,9.018958
0.19281286,-0.07137272,0.043675844
0.033518825,4.5238442,9.077616
0.18216023,-0.07350325,0.036218993
0.049081136,4.547786,9.175778
0.165116,-0.07669904,0.027696876
0.08140286,4.5657425,9.26197
0.15020229,-0.07989483,0.018109497
0.092176765,4.571728,9.406818
0.13315806,-0.083090626,0.010652645
0.1388637,4.590882,9.534908
0.113983296,-0.082025364,0
0.20350714,4.5645456,9.640253
0.0958738,-0.082025364,-0.012783174
0.25498247,4.5441947,9.718064
0.0777643,-0.084155895,-0.026631612
0.2777274,4.5298295,9.836577
0.05752428,-0.09161274,-0.04261058
0.21667525,4.4603977,9.968259
0.041545313,-0.10013486,-0.060720075
0.14724341,4.4244847,10.044873
0.02876214,-0.10759171,-0.07243799
0.12090719,4.4795513,10.125079
0.018109497,-0.10972224,-0.0777643
0.12090719,4.4795513,10.125079
0.018109497,-0.10972224,-0.0777643
0.094570965,4.63278,10.117896
0.00958738,-0.10652645,-0.08522116
-0.079008654,5.118803,9.973047
-0.014913702,-0.083090626,-0.101200126
-0.079008654,5.118803,9.973047
-0.014913702,-0.083090626,-0.101200126
-0.20470424,5.2205567,9.910798
-0.03089267,-0.066046394,-0.10652645
-0.20470424,5.2205567,9.910798
-0.03089267,-0.066046394,-0.10652645
-0.320823,5.0517654,9.872491
-0.051132694,-0.04474111,-0.10546118
-0.25139117,5.055357,10.195708
-0.07243799,-0.015978966,-0.09161274
-0.16879122,4.9895163,10.415975
-0.098004326,0.023435818,-0.07456851
-0.11133038,4.787206,10.68652
-0.13848437,0.06924219,-0.05539375
-0.01436521,4.5418005,10.9582615
-0.18748654,0.11930962,-0.036218993
0.090979666,4.284424,11.246762
-0.24501082,0.16192019,-0.012783174
0.17238252,4.0438066,11.565191
-0.30360037,0.19387813,0.010652645
0.2705448,3.8259344,11.906365
-0.35792887,0.21411815,0.033023197
0.4417302,3.429694,12.761095
-0.4048005,0.20133498,0.06178534
0.50757074,3.229778,13.092692
-0.38456047,0.17257284,0.06924219
0.60812724,3.0693667,13.345281
-0.3323625,0.13102753,0.07456851
0.6931214,2.8299465,13.400347
-0.2514024,0.08735169,0.0777643
0.80205756,2.6503813,13.231556
-0.14913702,0.046871636,0.07989483
0.91338795,2.5151088,12.85806
-0.034088463,0.020240024,0.07882957
1.0378864,2.4277205,12.283452
0.08628642,0.00958738,0.07669904
1.1432313,2.384625,11.57836
0.20559604,0.018109497,0.070307456
1.151611,2.3116016,10.78109
0.30999196,0.04261058,0.060720075
1.103727,2.349909,10.0508585
0.4016047,0.07669904,0.05006743
0.47297743,0.12676647,0.040480047
1.0462662,2.565387,9.464279
0.9888053,2.7581203,8.72088
0.5273059,0.1768339,0.029827405
0.92176765,2.89459,8.002619
0.56245965,0.221575,0.015978966
0.8750807,3.095703,7.398083
0.5795039,0.26312032,-0.002130529
0.8607155,3.3087866,6.8282633
0.58269966,0.29507825,-0.02130529
0.8295909,3.405752,6.405687
0.5699165,0.314253,-0.043675844
0.82001406,3.5063083,6.0501475
0.5454154,0.32170987,-0.06711166
0.8631097,3.5972881,5.9160724
0.50813115,0.32490566,-0.08522116
0.8762778,3.6834793,5.8562174
0.4612595,0.330232,-0.10226539
1.0522517,4.0258503,5.425261
0.32384038,0.2908172,-0.14061491
0.9911995,3.9073372,5.8466406
0.23329292,0.2428803,-0.16724652
0.8295909,3.7122097,6.293159
0.14061491,0.22370553,-0.18535602
0.736217,3.4871547,6.7348895
0.05006743,0.21411815,-0.19068234
0.62967503,3.288436,7.1227503
-0.03834952,0.20772657,-0.18642128
0.5482722,3.1136594,7.430405
-0.12037488,0.1949434,-0.17470337
0.51475334,2.9891608,7.789535
-0.19387813,0.16405073,-0.15978967
0.51475334,2.9891608,7.789535
-0.19387813,0.16405073,-0.15978967
0.49440265,2.89459,8.14268
-0.25353295,0.11611383,-0.14594123
0.47285482,2.767697,8.506598
-0.30040458,0.054328486,-0.13102753
0.50637364,2.6431987,8.868123
-0.3355583,-0.007456851,-0.113983296
0.49081135,2.504335,9.300277
-0.35899413,-0.058589544,-0.099069595
0.37110126,2.2577322,9.96347
-0.3717773,-0.112918034,-0.06711166
0.37110126,2.2577322,9.96347
-0.3717773,-0.112918034,-0.06711166
0.36990416,2.2493525,10.212467
-0.35792887,-0.128897,-0.05219796
0.39504328,2.291251,10.451887
-0.32490566,-0.14168017,-0.039414786
0.39504328,2.291251,10.451887
-0.32490566,-0.14168017,-0.039414786
0.4405331,2.3403323,10.593145
-0.28016454,-0.1438107,-0.033023197
0.48841715,2.4229321,10.5680065
-0.1555286,-0.10759171,-0.03195793
0.48841715,2.4229321,10.5680065
-0.1555286,-0.10759171,-0.03195793
0.45729253,2.4289176,10.374076
-0.084155895,-0.068176925,-0.029827405
0.4213795,2.421735,10.058042
-0.005326322,-0.024501082,-0.023435818
0.50158525,2.6300306,9.027337
0.15446335,0.046871636,-0.004261058
0.49919105,2.7976246,8.494628
0.221575,0.066046394,-0.001065265
0.40342298,2.9580362,8.024167
0.27803403,0.07350325,0.001065265
0.32441434,3.0585926,7.615956
0.31318775,0.07243799,0.002130529
0.21068975,3.1292217,7.27957
0.32490566,0.06924219,0.008522116
0.12569559,3.192668,6.9647326
0.3206446,0.068176925,0.02130529
0.12569559,3.192668,6.9647326
0.3206446,0.068176925,0.02130529
0.09696517,3.2848446,6.6989765
0.30360037,0.07243799,0.03834952
0.1436521,3.394978,6.495469
0.27696875,0.07563378,0.05752428
0.19752164,3.4680011,6.4020953
0.24607609,0.07669904,0.07563378
0.2621651,3.4955344,6.5349736
0.21518342,0.080960095,0.08841695
0.29807812,3.4991257,6.631939
0.1949434,0.0958738,0.10013486
0.29807812,3.4991257,6.631939
0.1949434,0.0958738,0.10013486
0.36631286,3.5661635,6.467936
0.18002969,0.14168017,0.12463594
0.46208093,3.6990416,6.409278
0.16831179,0.15765914,0.14061491
0.48003745,3.8295257,6.3697734
0.14807177,0.165116,0.1555286
0.48003745,3.8295257,6.3697734
0.14807177,0.165116,0.1555286
0.46327803,3.903746,6.5481415
0.08628642,0.16831179,0.18429075
0.545878,3.9217024,6.7384806
0.054328486,0.17576863,0.2034655
0.63206923,3.9217024,6.9467764
0.023435818,0.19387813,0.221575
0.7158663,3.9085343,7.1646485
-0.004261058,0.221575,0.23755397
0.7158663,3.9085343,7.1646485
-0.004261058,0.221575,0.23755397
0.7422025,3.8474822,7.4268136
-0.023435818,0.24927188,0.25353295
0.7218518,3.7900212,7.711724
-0.043675844,0.27696875,0.26844665
0.7445967,3.7122097,7.989451
-0.06498113,0.30360037,0.28868666
0.7745243,3.6739025,8.26239
-0.08628642,0.3323625,0.3110572
0.8559271,3.7122097,8.578424
-0.10439592,0.3653857,0.3291667
0.866701,3.7936125,8.831013
-0.11504856,0.39627838,0.33768883
0.878672,3.9312792,8.998607
-0.1107875,0.42184472,0.3323625
0.8463503,4.010288,9.064447
-0.096939065,0.4346279,0.3121225
0.700304,3.9612067,9.130288
-0.082025364,0.43569317,0.2790993
0.48602295,3.8642416,9.166202
-0.06711166,0.4293016,0.24394555
0.28491,3.7708676,9.165004
-0.05219796,0.41225734,0.2130529
0.11372458,3.654749,9.097966
-0.036218993,0.386691,0.1917476
0.079008654,3.6415808,8.949526
-0.020240024,0.35473305,0.1768339
0.37349546,3.846285,8.962694
-0.002130529,0.3121225,0.16618125
0.37349546,3.846285,8.962694
-0.002130529,0.3121225,0.16618125
0.47524905,4.074931,9.233239
0.025566347,0.24714136,0.14487597
0.02633622,4.0773253,8.797494
0.10759171,0.1587244,0.09374327
-0.076614454,4.1611223,8.297106
0.12144015,0.18109496,0.083090626
-0.18794483,4.280833,7.9248075
0.10226539,0.22583607,0.082025364
-0.36272156,4.545392,7.8996687
0.060720075,0.25033715,0.0958738
-0.50757074,4.8422728,8.127118
0.018109497,0.24181503,0.12357068
-0.4429273,5.0637364,8.350976
-0.018109497,0.22370553,0.1587244
-0.31244332,5.129577,8.432379
-0.0479369,0.21198763,0.18961707
-0.17956513,5.0781016,8.429984
-0.080960095,0.21837921,0.21092236
-0.002394202,4.939238,8.350976
-0.12144015,0.24181503,0.221575
0.107739076,4.7740383,8.412027
-0.16937704,0.26525086,0.21731395
0.107739076,4.7740383,8.412027
-0.16937704,0.26525086,0.21731395
0.107739076,4.7740383,8.412027
-0.16937704,0.26525086,0.21731395
0.092176765,4.619612,8.762778
-0.22370553,0.28229508,0.20453078
-0.044292733,4.3538556,9.642648
-0.3121225,0.3057309,0.20026971
-0.011971008,4.4101195,9.998186
-0.34194988,0.32384038,0.2066613
-0.011971008,4.4101195,9.998186
-0.34194988,0.32384038,0.2066613
0.015562311,4.542998,10.335769
-0.36112466,0.33129725,0.20879184
-0.01316811,4.614824,10.759542
-0.37284255,0.31638354,0.20133498
-0.09696517,4.5896845,11.15698
-0.37284255,0.28229508,0.18961707
-0.16639702,4.509479,11.4598465
-0.35792887,0.23861924,0.17470337
-0.16639702,4.509479,11.4598465
-0.35792887,0.23861924,0.17470337
-0.20709845,4.429273,11.604695
-0.3355583,0.1949434,0.16192019
-0.20111294,4.4208937,11.5616
-0.30999196,0.16085494,0.15020229
-0.1592144,4.43885,11.427525
-0.28655612,0.13209279,0.13209279
-0.14844051,4.51307,11.275493
-0.26631612,0.094808534,0.10972224
-0.25977087,4.5142674,11.030087
-0.2396845,0.053263225,0.08628642
-0.25977087,4.7081976,10.764331
-0.21092236,0.017044231,0.06498113
-0.06943185,4.911705,10.340557
-0.18855181,-0.033023197,0.046871636
0.09696517,4.9775453,10.147824
-0.18002969,-0.08841695,0.02130529
0.15682021,4.915296,10.0341
-0.18961707,-0.12783173,-0.004261058
0.16160862,4.8003745,10.087969
-0.21198763,-0.15020229,-0.023435818
0.21188685,4.7070007,10.17416
-0.24501082,-0.1587244,-0.029827405
0.2813187,4.6351743,10.31901
-0.28229508,-0.15446335,-0.027696876
0.3172317,4.56694,10.5919485
-0.3270362,-0.1438107,-0.018109497
0.31483752,4.4340615,10.95467
-0.36964676,-0.13528858,-0.008522116
0.17238252,4.2161894,11.332953
-0.4016047,-0.12783173,0.006391587
-0.05865794,4.0282445,11.669339
-0.41225734,-0.12463594,0.027696876
-0.16519992,3.903746,11.860875
-0.40373522,-0.11824436,0.05752428
-0.29927522,3.7780502,11.924321
-0.38242993,-0.10439592,0.09161274
-0.45370123,3.6703112,12.026075
-0.34621096,-0.09161274,0.12676647
-0.45370123,3.6703112,12.026075
-0.34621096,-0.09161274,0.12676647
-0.5710171,3.4811692,12.113463
-0.30146983,-0.07456851,0.16405073
-0.62249243,3.2752678,12.192472
-0.24181503,-0.0479369,0.20026971
-0.6512229,3.108871,12.087128
-0.17150758,-0.014913702,0.23329292
-0.63087213,2.9532478,11.895591
-0.09161274,0.01917476,0.25992453
-0.63087213,2.837129,11.641806
-0.007456851,0.04474111,0.27377295
-0.5506664,2.7281928,11.232397
0.07456851,0.06178534,0.2759035
-0.49799395,2.6360161,10.782288
0.14594123,0.06924219,0.2695119
-0.5303157,2.5462334,10.25676
0.21411815,0.068176925,0.257794
-0.5722142,2.5103204,9.585187
0.27164245,0.05539375,0.24820662
-0.5722142,2.5103204,9.585187
0.27164245,0.05539375,0.24820662
-0.5650316,2.4672248,8.966286
0.30786142,0.035153728,0.23861924
-0.5470751,2.4408886,8.4108305
0.32597092,0.007456851,0.22796659
-0.49200845,2.4552538,8.057686
0.33129725,-0.03089267,0.21731395
-0.46327803,2.4432828,7.833828
0.32810146,-0.068176925,0.2034655
-0.4201824,2.4265234,7.687782
0.3206446,-0.098004326,0.18748654
-0.4225766,2.4133554,7.5932107
0.3089267,-0.111852765,0.17044231
-0.46208093,2.4037786,7.66384
0.29614353,-0.111852765,0.15446335
-0.46208093,2.4037786,7.66384
0.29614353,-0.111852765,0.15446335
-0.51714754,2.4001873,7.9152308
0.28229508,-0.10226539,0.14061491
-0.5506664,2.396596,8.201338
0.26844665,-0.07882957,0.13209279
-0.5410896,2.4253263,8.447941
0.25885928,-0.040480047,0.128897
-0.49919105,2.4624364,8.644265
0.2545982,0.010652645,0.12676647
-0.50996494,2.505532,8.688558
0.25246766,0.07456851,0.1257012
-0.581791,2.5198972,8.714894
0.24820662,0.1438107,0.12357068
-0.7673417,2.4744074,8.787917
0.23755397,0.21518342,0.12463594
-1.0271125,2.4157495,8.878897
0.22050974,0.28229508,0.13422333
-1.2904748,2.3439236,8.925584
0.19813919,0.34194988,0.15339808
-1.483208,2.3331497,9.028535
0.17576863,0.3920173,0.18109496
-1.5897499,2.2529438,9.115923
0.15233281,0.43036684,0.21198763
-1.8614918,2.195483,9.428367
0.13954964,0.45167214,0.24394555
-1.3742718,2.2732944,9.398438
0.14168017,0.47830373,0.28016454
-1.3742718,2.2732944,9.398438
0.14168017,0.47830373,0.28016454
-1.3934253,2.2026656,9.222465
0.14913702,0.49428272,0.30040458
-1.6472107,2.256535,9.221268
0.15339808,0.4708469,0.3057309
-1.3958195,2.3127987,9.016563
0.16085494,0.4495416,0.31957933
-1.5035586,2.2230163,8.884883
0.16724652,0.4079963,0.330232
-1.4413095,2.3008277,8.713697
0.17257284,0.3387541,0.34194988
-1.2090719,2.349909,8.425196
0.1768339,0.28549087,0.3568636
-1.3180081,2.4121583,8.256405
0.1736381,0.22583607,0.36325517
-1.1312603,2.56419,7.997831
0.16724652,0.16831179,0.3717773
-0.9552865,2.681506,7.681796
0.15765914,0.12357068,0.37603834
-0.91817635,2.7377696,7.4962454
0.14807177,0.080960095,0.37284255
-0.8439561,2.778471,7.3657618
0.14061491,0.04474111,0.37071204
-0.59735334,2.8083985,7.153875
0.13528858,0.012783174,0.36751625
-0.59735334,2.8083985,7.153875
0.13528858,0.012783174,0.36751625
-0.39624038,2.8550856,6.83784
0.12996227,-0.020240024,0.36112466
-0.4249708,2.9125464,6.578069
0.112918034,-0.05539375,0.3472762
-0.40342298,3.0011318,6.471527
0.08841695,-0.09054748,0.33662358
-0.30885202,3.0885203,6.4427967
0.060720075,-0.1107875,0.3323625
-0.20111294,3.156755,6.483498
0.024501082,-0.12250541,0.33129725
-0.10175357,3.2333694,6.694188
-0.007456851,-0.12144015,0.32490566
0.06823475,3.3363202,6.8079123
-0.035153728,-0.11504856,0.3153183
0.1412579,3.4237084,6.9000893
-0.053263225,-0.10546118,0.29827404
0.11133038,3.4799721,7.0341644
-0.06924219,-0.0958738,0.28122982
0.1316811,3.5458126,7.1311297
-0.07882957,-0.083090626,0.26525086
0.15442601,3.5877113,7.2233067
-0.08522116,-0.070307456,0.24927188
0.17238252,3.632004,7.27957
-0.09267801,-0.05752428,0.23329292
0.17238252,3.632004,7.27957
-0.09267801,-0.05752428,0.23329292
0.17477672,3.5996823,7.3609734
-0.10333065,-0.04261058,0.21731395
0.1604115,3.58412,7.392098
-0.113983296,-0.033023197,0.20240025
0.095768064,3.5182793,7.583634
-0.12463594,-0.023435818,0.18961707
0.15442601,3.5613751,7.831434
-0.13528858,-0.018109497,0.17470337
0.15442601,3.5613751,7.831434
-0.13528858,-0.018109497,0.17470337
0.19393034,3.6008794,7.989451
-0.14168017,-0.006391587,0.16618125
-0.09935937,3.642778,8.408437
-0.15020229,-0.008522116,0.15126756
-0.09935937,3.642778,8.408437
-0.15020229,-0.008522116,0.15126756
-0.046686932,3.6643257,8.578424
-0.14594123,-0.012783174,0.1555286
-0.046686932,3.6643257,8.578424
-0.14594123,-0.012783174,0.1555286
-0.050278235,3.6355953,8.808268
-0.13315806,-0.012783174,0.15765914
-0.050278235,3.6355953,8.808268
-0.13315806,-0.012783174,0.15765914
-0.1340753,3.572149,8.916007
-0.11930962,-0.01917476,0.1555286
-0.17597382,3.5362358,8.900445
-0.113983296,-0.026631612,0.1555286
-0.19273324,3.5434184,8.953117
-0.10546118,-0.033023197,0.1555286
-0.20231004,3.6044707,8.998607
-0.094808534,-0.04261058,0.15659387
-0.20231004,3.6044707,8.998607
-0.094808534,-0.04261058,0.15659387
-0.20590134,3.7110126,9.015367
-0.08522116,-0.05752428,0.15126756
-0.21547815,3.7948096,9.093178
-0.07243799,-0.07243799,0.14274544
-0.30166942,3.8474822,9.123106
-0.05752428,-0.09267801,0.13528858
-0.31244332,3.8762126,9.118318
-0.041545313,-0.10972224,0.1257012
-0.31244332,3.8905778,9.132683
-0.024501082,-0.1257012,0.11611383
-0.3172317,3.8905778,9.068039
-0.006391587,-0.13741912,0.10546118
-0.29688102,3.9312792,9.039309
0.011717909,-0.14487597,0.0958738
-0.25617957,3.954024,8.974665
0.027696876,-0.15126756,0.08628642
-0.16879122,4.0294414,8.876503
0.041545313,-0.15765914,0.07456851
-0.051475335,4.1299977,8.787917
0.05219796,-0.165116,0.05965481
0.050278235,4.1826706,8.701726
0.05752428,-0.1736381,0.041545313
0.1316811,4.296395,8.66701
0.054328486,-0.18216023,0.01917476
0.1316811,4.296395,8.66701
0.054328486,-0.18216023,0.01917476
0.20949265,4.370615,8.635885
0.04474111,-0.18535602,-0.004261058
0.24660277,4.3598413,8.832211
0.005326322,-0.19707392,-0.05219796
0.24540567,4.3239284,8.919599
-0.015978966,-0.20772657,-0.070307456
0.2741361,4.3035774,9.120711
-0.039414786,-0.22370553,-0.08841695
0.30286652,4.2784386,9.376891
-0.058589544,-0.24394555,-0.10546118
0.34356794,4.301183,9.704897
-0.070307456,-0.26631612,-0.11930962
0.3890578,4.280833,9.991004
-0.07243799,-0.28016454,-0.13315806
0.4333505,4.250905,10.19092
-0.066046394,-0.28336033,-0.1470065
0.4189853,4.211401,10.375273
-0.05219796,-0.27696875,-0.16085494
0.36870706,4.1695023,10.521319
-0.03195793,-0.26525086,-0.17150758
0.31004912,4.144363,10.57878
-0.005326322,-0.2514024,-0.17896444
0.2681506,4.1575313,10.5704
0.025566347,-0.23755397,-0.18322548
0.272939,4.2221746,10.480618
0.05219796,-0.22583607,-0.18535602
0.2717419,4.3718123,10.334572
0.07563378,-0.21624869,-0.18748654
0.25977087,4.59567,10.080787
0.09374327,-0.20985709,-0.18961707
0.2837129,4.7788267,9.864111
0.10226539,-0.20453078,-0.18855181
0.33399114,4.938041,9.731233
0.101200126,-0.20133498,-0.18748654
0.40222588,5.035006,9.704897
0.09054748,-0.18961707,-0.18642128
0.4357447,5.0781016,9.703699
0.06711166,-0.17257284,-0.18855181
0.40462008,5.029021,9.838972
0.03089267,-0.15126756,-0.19281286
0.31364042,4.8722005,10.055647
-0.013848438,-0.12783173,-0.19387813
0.22385786,4.689044,10.374076
-0.066046394,-0.098004326,-0.18961707
0.19273324,4.51307,10.6877165
-0.11930962,-0.066046394,-0.18109496
0.17836803,4.345476,11.056423
-0.17576863,-0.035153728,-0.17257284
0.17836803,4.345476,11.056423
-0.17576863,-0.035153728,-0.17257284
0.19033903,4.1934443,11.456255
-0.2247708,-0.02130529,-0.16298546
0.20231004,3.846285,12.273875
-0.28229508,-0.05965481,-0.14807177
0.25737667,3.7241807,12.604275
-0.2727077,-0.099069595,-0.13848437
0.25737667,3.7241807,12.604275
-0.2727077,-0.099069595,-0.13848437
0.37828386,3.5350387,12.819753
-0.23648871,-0.14274544,-0.128897
0.47285482,3.359065,12.897565
-0.17576863,-0.18109496,-0.11930962
0.5602432,3.2142158,12.830527
-0.0958738,-0.2066613,-0.113983296
0.61770403,3.0573955,12.540829
-0.004261058,-0.21518342,-0.10972224
0.6512229,2.9293058,12.157756
0.09161274,-0.20559604,-0.10013486
0.6607997,2.8538885,11.69807
0.18535602,-0.17470337,-0.08841695
0.61890113,2.7820623,11.152191
0.27164245,-0.13848437,-0.0777643
0.51116204,2.6719291,10.618284
0.350472,-0.10865697,-0.06391586
0.35075054,2.565387,10.139444
0.42397526,-0.09054748,-0.04580637
0.22744916,2.5701754,9.731233
0.49321744,-0.06498113,-0.023435818
0.18315643,2.6443958,9.260772
0.55606806,-0.01917476,0.003195793
-0.016759412,2.6180596,8.908825
0.61678815,0.027696876,0.026631612
-0.049081136,2.6898856,8.656237
0.6849651,0.056459017,0.056459017
0.11731588,2.9640217,8.220491
0.74461985,0.12463594,0.07989483
0.25737667,3.265691,7.632715
0.7755125,0.22050974,0.07989483
0.16280572,3.369839,7.3909006
0.7765778,0.2876214,0.06178534
-0.011971008,3.3758245,7.1969705
0.757403,0.34514567,0.04474111
-0.10175357,3.4955344,7.028179
0.72011876,0.41864893,0.034088463
-0.19752164,3.5122938,6.897695
0.6711166,0.4825648,0.023435818
-0.31124622,3.4608185,6.7109475
0.6178534,0.5251754,0.008522116
-0.81283146,3.1878796,5.7604494
0.5496765,0.5933523,-0.00958738
-1.4449008,3.3291376,5.7137623
0.44421527,0.69348717,-0.012783174
-1.4185646,3.4584243,6.1662664
0.3270362,0.624245,-0.005326322
-1.1875241,3.4284968,6.5577183
0.22050974,0.43782368,-0.012783174
-1.1444284,3.229778,7.050924
0.10546118,0.2759035,-0.03089267
-0.9600749,2.9580362,7.771579
-0.003195793,0.11504856,-0.049002163
-0.48003745,2.7724855,8.6095495
-0.082025364,-0.07563378,-0.06924219
0.023942016,2.681506,9.434352
-0.13848437,-0.25353295,-0.10546118
0.30406362,2.6156654,10.006566
-0.17896444,-0.3888215,-0.15126756
0.30406362,2.6156654,10.006566
-0.17896444,-0.3888215,-0.15126756
0.60812724,2.27928,10.802638
-0.257794,-0.51452273,-0.221575
0.60812724,2.27928,10.802638
-0.257794,-0.51452273,-0.221575
0.6703765,2.018312,11.164163
-0.29507825,-0.5368933,-0.24394555
0.6691794,1.7968484,11.579556
-0.32810146,-0.54435015,-0.25566345
0.6667852,1.6831238,12.0332575
-0.34301516,-0.5305017,-0.2609898
0.6895301,1.6124948,12.443863
-0.3291667,-0.4889564,-0.26205507
0.7278373,1.5346833,12.70124
-0.28229508,-0.4293016,-0.2609898
0.7422025,1.4556746,12.749125
-0.20559604,-0.36005938,-0.25566345
0.7721301,1.3814543,12.491747
-0.10759171,-0.28336033,-0.24820662
0.7721301,1.3371617,12.067974
-0.003195793,-0.20026971,-0.23648871
0.700304,1.364695,11.431116
0.09374327,-0.12250541,-0.21944448
0.5482722,1.471237,10.700885
0.17150758,-0.05965481,-0.1949434
0.34955344,1.6280571,10.013748
0.2247708,-0.020240024,-0.16192019
0.107739076,1.7657237,9.431957
0.24927188,0.003195793,-0.11930962
-0.061052144,1.9009962,8.901642
0.25246766,0.017044231,-0.068176925
-0.21667525,2.0458453,8.4587145
0.2396845,0.026631612,-0.014913702
-0.36032736,2.1559787,8.170214
0.21518342,0.03195793,0.035153728
