0.20111294,-0.9504981,9.7958765
0.18555063,-0.91937345,9.721656
0.17717093,-0.8774749,9.613917
0.1376666,-0.8858546,9.545682
0.1376666,-0.8858546,9.545682
0.130484,-0.8858546,9.554062
0.1400608,-0.89303726,9.556456
0.1376666,-0.89064306,9.579201
0.130484,-0.89782566,9.607931
0.1400608,-0.91458505,9.598354
0.1400608,-0.91458505,9.588778
0.11851298,-0.91578215,9.660604
0.079008654,-0.94690675,9.664195
0.079008654,-0.94690675,9.664195
0.05267244,-0.9540894,9.637859
0.021547815,-0.91578215,9.585187
-0.029927522,-0.91338795,9.55885
-0.046686932,-0.90261406,9.5253315
-0.046686932,-0.90261406,9.5253315
-0.04309563,-0.89064306,9.507375
-0.007182605,-0.8774749,9.520543
0.049081136,-0.8607155,9.557653
0.1364695,-0.8607155,9.587581
0.25977087,-0.8559271,9.648633
0.35194764,-0.8355764,9.6845455
0.46447513,-0.80086046,9.716867
0.557849,-0.81402856,9.706094
0.44651863,-0.8523358,9.718064
0.11372458,-0.90021986,9.734824
0.24181437,-0.8738836,9.667787
0.11492168,-0.89902276,9.676167
0.11492168,-0.89902276,9.676167
0.19273324,-0.8810662,9.642648
0.15562311,-0.90620536,9.69532
0.17357962,-0.90979666,9.672575
0.1448492,-0.93014735,9.701305
0.12808979,-0.9552865,9.688137
0.14844051,-0.9516952,9.655815
0.142455,-0.94331545,9.643845
0.15801731,-0.9600749,9.643845
0.11851298,-0.9660604,9.603143
0.08499416,-0.93014735,9.618706
0.11851298,-0.91817635,9.595961
0.15562311,-0.8834604,9.637859
0.15562311,-0.8834604,9.637859
0.36032736,-0.6380547,9.828198
0.08140286,-0.9708488,9.581595
0.142455,-1.0019734,9.600749
0.08020575,-0.8583213,9.753978
0.095768064,-0.89423436,9.69532
0.050278235,-0.93493575,9.526528
0.095768064,-0.94570965,9.387665
0.16998832,-0.90261406,9.405622
0.23702596,-0.8870517,9.519346
0.1604115,-0.92296475,9.722853
0.33997664,-0.9600749,9.836577
0.20111294,-0.997185,9.884461
-0.00958738,0.006391587,-0.004261058
0.20111294,-0.997185,9.884461
0.2705448,-0.973243,9.8198185
-0.010652645,0.035153728,0.003195793
0.1604115,-0.94451255,9.704897
-0.011717909,0.06391586,0.003195793
0.14963761,-0.92057055,9.498995
-0.00958738,0.07563378,0.003195793
0.05626374,-0.94810385,9.39365
-0.007456851,0.066046394,0.002130529
0.029927522,-0.93493575,9.424775
-0.004261058,0.0479369,0.003195793
0.09696517,-0.85473,9.568427
0.003195793,0.029827405,0.001065265
-0.01316811,-0.9552865,9.671378
0.014913702,0.001065265,-0.001065265
0.037110128,-0.94570965,9.764751
0.022370555,-0.014913702,0.002130529
0.061052144,-0.8439561,9.827001
0.022370555,-0.004261058,0.001065265
0.021547815,-0.8750807,9.688137
0.020240024,0.006391587,0.003195793
0.02873042,-0.8343793,9.624691
0.00958738,0.01917476,0.010652645
-0.007182605,-0.8475474,9.5732155
-0.005326322,0.036218993,0.011717909
-0.007182605,-0.8475474,9.5732155
-0.005326322,0.036218993,0.011717909
-0.02873042,-0.8523358,9.534908
-0.017044231,0.04261058,0.00958738
-0.02633622,-0.842759,9.595961
-0.02130529,0.02876214,0.011717909
-0.025139118,-0.89543146,9.607931
-0.015978966,0.007456851,0.010652645
-0.02633622,-0.93254155,9.586384
-0.008522116,-0.012783174,0.005326322
0.062249243,-0.91338795,9.599552
-0.001065265,-0.03089267,0.004261058
0.10534488,-0.88944596,9.664195
0.004261058,-0.043675844,0.002130529
0.1352724,-0.93373865,9.613917
0.004261058,-0.04261058,0.001065265
0.16879122,-0.92535895,9.631873
-0.002130529,-0.029827405,0
0.16879122,-0.92535895,9.631873
-0.002130529,-0.029827405,0
0.17477672,-0.90620536,9.736021
-0.008522116,-0.012783174,0.002130529
0.18435353,-0.93972415,9.783905
-0.008522116,0.002130529,0.003195793
0.17118542,-0.9660604,9.697714
-0.007456851,0.013848438,0.003195793
0.18914193,-0.9516952,9.647436
-0.005326322,0.018109497,0
0.18914193,-0.9516952,9.647436
-0.005326322,0.018109497,0
0.15682021,-0.90740246,9.603143
-0.001065265,0.015978966,-0.001065265
0.17357962,-0.90740246,9.57561
0.003195793,0.010652645,-0.002130529
0.16519992,-0.90500826,9.560047
0.004261058,0.003195793,-0.004261058
0.17357962,-0.8834604,9.625888
0.005326322,-0.002130529,-0.005326322
0.17357962,-0.8834604,9.625888
0.005326322,-0.002130529,-0.005326322
0.17357962,-0.8774749,9.706094
0.003195793,-0.002130529,-0.004261058
0.17238252,-0.89184016,9.706094
0.002130529,0,-0.004261058
0.16280572,-0.91099375,9.691729
0.001065265,0.006391587,-0.003195793
0.1376666,-0.89064306,9.689334
-0.001065265,0.013848438,-0.002130529
0.1376666,-0.89064306,9.689334
-0.001065265,0.013848438,-0.002130529
0.11851298,-0.8631097,9.677363
-0.003195793,0.02130529,0
0.092176765,-0.89184016,9.599552
-0.004261058,0.024501082,0.002130529
0.092176765,-0.89184016,9.599552
-0.004261058,0.024501082,0.002130529
0.06943185,-0.93014735,9.576807
-0.006391587,0.024501082,0.002130529
0.06943185,-0.93014735,9.576807
-0.006391587,0.024501082,0.002130529
0.055066638,-0.92535895,9.587581
-0.007456851,0.01917476,0.002130529
0.03232172,-0.91817635,9.639056
-0.006391587,0.011717909,0.002130529
0.06584055,-0.93972415,9.605537
-0.003195793,0.003195793,0.003195793
0.062249243,-0.94092125,9.589975
0,-0.002130529,0.003195793
0.061052144,-0.92416185,9.635465
0.001065265,-0.005326322,0.003195793
0.049081136,-0.91099375,9.645041
0.002130529,-0.003195793,0.003195793
0.06464344,-0.90859956,9.654618
0,0.001065265,0.003195793
0.077811554,-0.93254155,9.647436
-0.001065265,0.005326322,0.004261058
0.05865794,-0.91937345,9.657013
-0.001065265,0.007456851,0.004261058
0.08259996,-0.90261406,9.633071
-0.002130529,0.006391587,0.004261058
0.077811554,-0.92057055,9.622296
-0.001065265,0.005326322,0.004261058
0.093373865,-0.8822633,9.607931
-0.002130529,0.002130529,0.002130529
0.10295067,-0.8882488,9.616311
-0.001065265,-0.004261058,0
0.10175357,-0.89303726,9.645041
-0.001065265,-0.007456851,0.001065265
0.1340753,-0.89303726,9.668983
-0.001065265,-0.008522116,0
0.1316811,-0.89303726,9.652225
0,-0.007456851,-0.002130529
0.1412579,-0.89782566,9.65821
0,-0.004261058,-0.002130529
0.14844051,-0.89902276,9.65821
-0.001065265,0.001065265,-0.002130529
0.15682021,-0.90979666,9.616311
-0.004261058,0.003195793,-0.002130529
0.14724341,-0.89543146,9.624691
-0.006391587,0.006391587,-0.001065265
0.12928689,-0.90859956,9.631873
-0.006391587,0.006391587,-0.001065265
0.110133275,-0.94092125,9.64983
-0.004261058,0.004261058,0
0.12330139,-0.93732995,9.630676
-0.002130529,0.003195793,0
0.10295067,-0.93613285,9.624691
-0.001065265,0.001065265,0
0.11252748,-0.92176765,9.634268
0,0.002130529,0
0.11252748,-0.92176765,9.634268
0,0.002130529,0
0.1400608,-0.93852705,9.635465
0.002130529,0.003195793,0
0.08619126,-0.9504981,9.619903
0.001065265,0.005326322,0.001065265
0.20111294,-0.89184016,9.629479
-0.001065265,0.006391587,0.003195793
-0.046686932,-0.8870517,9.749189
-0.001065265,0.004261058,0.002130529
0.21428105,-0.8595184,9.691729
0.004261058,0.010652645,0.004261058
0.025139118,-0.94331545,9.621099
0.005326322,0.014913702,0.001065265
0.15682021,-0.89543146,9.628283
0.002130529,0.010652645,0.004261058
0.051475335,-0.8678981,9.615114
0.001065265,0.00958738,0.002130529
0.08619126,-0.8702923,9.5732155
0,0.00958738,0.001065265
0.062249243,-0.93373865,9.586384
-0.003195793,0.004261058,0
0.093373865,-0.8619126,9.69532
-0.005326322,-0.002130529,0
0.04189853,-0.92057055,9.672575
-0.002130529,-0.005326322,0
0.033518825,-0.9504981,9.645041
-0.001065265,-0.008522116,0.001065265
0.07182605,-0.89782566,9.660604
-0.001065265,-0.007456851,0.001065265
0.031124622,-0.93254155,9.555259
-0.002130529,-0.005326322,0.003195793
0.03232172,-0.9576807,9.527725
-0.004261058,-0.005326322,0.006391587
0.03232172,-0.9576807,9.527725
-0.004261058,-0.005326322,0.006391587
-0.031124622,-0.9696517,9.502586
-0.004261058,-0.007456851,0.008522116
-0.044292733,-1.0319009,9.527725
-0.002130529,-0.00958738,0.010652645
-0.077811554,-1.0247183,9.589975
0.002130529,-0.014913702,0.012783174
-0.108936176,-1.0378864,9.591172
0.011717909,-0.022370555,0.017044231
-0.15322891,-1.0378864,9.57561
0.020240024,-0.027696876,0.020240024
-0.11492168,-0.9624691,9.593566
0.03089267,-0.02876214,0.022370555
-0.11492168,-0.9624691,9.593566
0.03089267,-0.02876214,0.022370555
-0.06823475,-0.8858546,9.64145
0.039414786,-0.036218993,0.023435818
-0.12330139,-0.89782566,9.745598
0.04474111,-0.041545313,0.025566347
-0.027533319,-0.90620536,9.8677025
0.046871636,-0.037284255,0.026631612
0.003591303,-0.8846575,9.981427
0.0479369,-0.03195793,0.022370555
0.09935937,-0.80325466,9.986216
0.043675844,-0.029827405,0.018109497
0.09935937,-0.80325466,9.986216
0.043675844,-0.029827405,0.018109497
0.20470424,-0.7314286,9.822212
0.035153728,-0.03089267,0.011717909
0.49440265,-0.62129533,9.408015
-0.011717909,-0.043675844,-0.005326322
0.49440265,-0.62129533,9.408015
-0.011717909,-0.043675844,-0.005326322
0.6392518,-0.5650316,9.352949
-0.03834952,-0.06178534,-0.011717909
0.7098808,-0.6392518,9.39365
-0.058589544,-0.08522116,-0.017044231
0.7793127,-0.7386112,9.592369
-0.07350325,-0.101200126,-0.02130529
0.78888947,-0.81043726,9.776723
-0.07137272,-0.10013486,-0.02130529
0.79128367,-0.9792285,9.765948
-0.060720075,-0.07882957,-0.017044231
0.7673417,-1.1097125,9.64983
-0.04474111,-0.04580637,-0.006391587
0.7673417,-1.1097125,9.64983
-0.04474111,-0.04580637,-0.006391587
0.6356605,-1.1671734,9.613917
-0.03195793,-0.004261058,0.00958738
0.49081135,-1.1372458,9.689334
-0.017044231,0.043675844,0.026631612
0.36272156,-1.1599907,9.749189
0.004261058,0.0958738,0.04261058
0.15682021,-1.1935096,9.849746
0.029827405,0.13954964,0.056459017
-0.031124622,-1.1599907,9.8916445
0.054328486,0.15978967,0.07137272
-0.08379706,-1.0474633,9.840169
0.0777643,0.16405073,0.08522116
-0.260968,-0.93852705,9.734824
0.09267801,0.14807177,0.096939065
-0.3842694,-0.80205756,9.572019
0.09267801,0.12037488,0.10865697
-0.3842694,-0.80205756,9.572019
0.09267801,0.12037488,0.10865697
-0.40342298,-0.5530606,9.363723
0.05006743,0.06178534,0.12144015
-0.40342298,-0.5530606,9.363723
0.05006743,0.06178534,0.12144015
-0.439336,-0.5351041,9.340978
0.01917476,0.022370555,0.12783173
-0.35913026,-0.5470751,9.392453
-0.012783174,-0.017044231,0.13315806
-0.35913026,-0.5470751,9.392453
-0.012783174,-0.017044231,0.13315806
-0.38187516,-0.6344634,9.464279
-0.035153728,-0.056459017,0.13315806
-0.22984336,-0.7589619,9.510966
-0.046871636,-0.0958738,0.13528858
-0.130484,-0.8463503,9.606734
-0.05219796,-0.13209279,0.13315806
0.045489833,-0.92176765,9.667787
-0.05219796,-0.15233281,0.13209279
0.20111294,-0.9864111,9.752781
-0.04580637,-0.16085494,0.13209279
0.29448682,-1.0642227,9.876082
-0.037284255,-0.1555286,0.13528858
0.47405192,-1.1336545,9.903615
-0.027696876,-0.13102753,0.13741912
0.50517654,-1.1216835,9.844957
-0.018109497,-0.09374327,0.13741912
0.5614403,-1.0737995,9.740809
-0.011717909,-0.05219796,0.14061491
0.60453594,-1.0187328,9.606734
-0.005326322,-0.013848438,0.14274544
0.5327099,-1.0067618,9.452309
0,0.015978966,0.14168017
0.48003745,-0.9744401,9.470264
0.005326322,0.02876214,0.13954964
0.48003745,-0.9744401,9.470264
0.005326322,0.02876214,0.13954964
0.415394,-0.90859956,9.591172
0.014913702,0.02876214,0.13635385
0.36152446,-0.91338795,9.667787
0.02876214,0.026631612,0.13209279
0.29688102,-0.92895025,9.707291
0.039414786,0.02130529,0.128897
0.22385786,-0.8798691,9.755175
0.04474111,0.020240024,0.12676647
0.22385786,-0.8798691,9.755175
0.04474111,0.020240024,0.12676647
0.055066638,-0.79487497,9.66659
0.036218993,0.037284255,0.1257012
0.055066638,-0.79487497,9.66659
0.036218993,0.037284255,0.1257012
0.004788403,-0.7685388,9.631873
0.020240024,0.0479369,0.128897
-0.05626374,-0.748188,9.651027
0.004261058,0.05219796,0.12996227
-0.14724341,-0.78050977,9.630676
-0.005326322,0.043675844,0.13102753
-0.18315643,-0.80564886,9.617508
-0.012783174,0.023435818,0.13315806
-0.17956513,-0.8595184,9.618706
-0.011717909,0.001065265,0.13422333
-0.15442601,-0.8798691,9.570822
-0.00958738,-0.025566347,0.13315806
-0.019153614,-0.93134445,9.532514
-0.011717909,-0.06711166,0.13635385
0.05626374,-0.9504981,9.5492735
-0.017044231,-0.07456851,0.13741912
0.12808979,-0.9804256,9.69532
-0.017044231,-0.07243799,0.13954964
0.17956513,-0.9911995,9.800665
-0.013848438,-0.06498113,0.14061491
0.21667525,-0.9900024,9.799467
-0.007456851,-0.05219796,0.1438107
0.25617957,-0.9900024,9.759963
0.001065265,-0.035153728,0.14487597
0.2813187,-0.92775315,9.68694
0.010652645,-0.020240024,0.1470065
0.2789245,-0.89662856,9.609129
0.013848438,-0.007456851,0.14487597
0.2681506,-0.8882488,9.53012
0.013848438,0,0.14487597
0.25498247,-0.8571242,9.533711
0.010652645,0.003195793,0.14487597
0.22744916,-0.8379706,9.585187
0.007456851,0.002130529,0.14274544
0.19752164,-0.8523358,9.64983
0.005326322,-0.003195793,0.13954964
0.19153613,-0.8487445,9.676167
0.005326322,-0.010652645,0.13635385
0.17118542,-0.8559271,9.736021
0.008522116,-0.013848438,0.13528858
0.1592144,-0.866701,9.730036
0.00958738,-0.010652645,0.13315806
0.1340753,-0.8774749,9.697714
0.007456851,-0.006391587,0.13422333
0.110133275,-0.89423436,9.633071
0.002130529,0.001065265,0.13209279
0.074220255,-0.8798691,9.622296
-0.005326322,0.006391587,0.12996227
0.050278235,-0.8738836,9.651027
-0.008522116,0.007456851,0.12996227
0.037110128,-0.8822633,9.64145
-0.008522116,0.004261058,0.128897
0.019153614,-0.89782566,9.64983
-0.005326322,-0.002130529,0.1257012
0.027533319,-0.8846575,9.619903
-0.002130529,-0.010652645,0.12250541
0.027533319,-0.8846575,9.619903
-0.002130529,-0.010652645,0.12250541
0.049081136,-0.89902276,9.598354
0.001065265,-0.01917476,0.12250541
0.05746084,-0.90620536,9.566033
0.002130529,-0.026631612,0.12037488
0.09816227,-0.90141696,9.589975
0.001065265,-0.026631612,0.11717909
0.11971009,-0.8870517,9.629479
-0.003195793,-0.025566347,0.11611383
0.11971009,-0.91578215,9.67018
-0.004261058,-0.020240024,0.112918034
0.11971009,-0.93493575,9.657013
-0.005326322,-0.014913702,0.1107875
0.12569559,-0.94451255,9.668983
-0.003195793,-0.011717909,0.10759171
0.12689269,-0.91817635,9.692925
-0.001065265,-0.010652645,0.10439592
0.1316811,-0.92535895,9.652225
0.004261058,-0.00958738,0.101200126
0.15083471,-0.89423436,9.619903
0.004261058,-0.00958738,0.098004326
0.12090719,-0.90261406,9.648633
0.004261058,-0.00958738,0.094808534
0.1376666,-0.878672,9.615114
0.003195793,-0.00958738,0.09161274
0.1376666,-0.878672,9.615114
0.003195793,-0.00958738,0.09161274
0.14963761,-0.8762778,9.655815
0.003195793,-0.00958738,0.08948222
0.12090719,-0.89184016,9.689334
0.001065265,-0.007456851,0.083090626
0.12090719,-0.89184016,9.689334
0.001065265,-0.007456851,0.083090626
0.12569559,-0.8643068,9.690532
0.001065265,-0.004261058,0.080960095
0.11133038,-0.8858546,9.634268
0,-0.003195793,0.0777643
0.107739076,-0.89184016,9.637859
0,-0.001065265,0.07669904
0.110133275,-0.90381116,9.633071
-0.002130529,-0.001065265,0.07350325
0.075417355,-0.90141696,9.646238
-0.003195793,-0.001065265,0.07137272
0.075417355,-0.90141696,9.646238
-0.003195793,-0.001065265,0.07137272
0.092176765,-0.89184016,9.634268
-0.001065265,-0.003195793,0.070307456
0.08259996,-0.90620536,9.648633
0.001065265,-0.006391587,0.06711166
0.088585466,-0.90141696,9.659407
0,-0.007456851,0.06498113
0.10295067,-0.89543146,9.659407
0,-0.007456851,0.0628506
0.10295067,-0.89543146,9.659407
0,-0.007456851,0.0628506
0.092176765,-0.8846575,9.657013
-0.001065265,-0.006391587,0.060720075
0.093373865,-0.89902276,9.621099
-0.001065265,-0.002130529,0.058589544
0.10175357,-0.90381116,9.646238
-0.002130529,-0.002130529,0.058589544
0.10654198,-0.90979666,9.647436
-0.002130529,-0.003195793,0.05539375
0.11372458,-0.89902276,9.653421
-0.002130529,-0.005326322,0.053263225
0.10414778,-0.89064306,9.662998
0,-0.006391587,0.05006743
0.10654198,-0.8870517,9.665392
0.001065265,-0.00958738,0.049002163
0.12569559,-0.8774749,9.617508
0.001065265,-0.008522116,0.0479369
0.1328782,-0.8834604,9.66659
0,-0.006391587,0.046871636
0.12330139,-0.89662856,9.668983
-0.001065265,-0.004261058,0.04580637
0.12689269,-0.89662856,9.652225
-0.001065265,-0.002130529,0.043675844
0.12689269,-0.89662856,9.652225
-0.001065265,-0.002130529,0.043675844
0.12210429,-0.89423436,9.647436
-0.001065265,-0.001065265,0.04261058
0.12569559,-0.91697925,9.615114
0,-0.001065265,0.041545313
0.12569559,-0.91697925,9.615114
0,-0.001065265,0.041545313
0.1376666,-0.8834604,9.595961
0.001065265,-0.002130529,0.040480047
0.11611878,-0.90021986,9.646238
0.001065265,-0.003195793,0.040480047
0.12090719,-0.89543146,9.65821
0.001065265,-0.003195793,0.03834952
0.12689269,-0.89782566,9.674969
0.002130529,-0.002130529,0.03834952
0.11492168,-0.89543146,9.679757
0.001065265,0,0.037284255
0.12090719,-0.89662856,9.647436
-0.002130529,0.001065265,0.036218993
0.12330139,-0.89064306,9.636662
-0.001065265,0.001065265,0.037284255
0.110133275,-0.91338795,9.629479
-0.002130529,0.002130529,0.036218993
0.1328782,-0.8822633,9.655815
-0.002130529,0.001065265,0.036218993
0.12689269,-0.89782566,9.622296
-0.002130529,0.001065265,0.036218993
0.108936176,-0.89782566,9.615114
-0.002130529,0,0.037284255
0.10414778,-0.90500826,9.628283
-0.001065265,-0.001065265,0.036218993
0.10654198,-0.8810662,9.67018
0,-0.002130529,0.035153728
0.09816227,-0.89303726,9.671378
-0.001065265,-0.001065265,0.035153728
0.11492168,-0.89064306,9.629479
0.001065265,-0.001065265,0.035153728
0.09935937,-0.90500826,9.633071
0,-0.001065265,0.034088463
0.094570965,-0.89662856,9.618706
-0.001065265,-0.001065265,0.034088463
0.094570965,-0.89662856,9.618706
-0.001065265,-0.001065265,0.034088463
0.090979666,-0.8882488,9.631873
-0.002130529,0,0.03195793
0.10654198,-0.8822633,9.651027
-0.001065265,-0.002130529,0.03089267
0.11971009,-0.91219085,9.652225
-0.002130529,-0.003195793,0.029827405
0.1400608,-0.8846575,9.643845
-0.002130529,-0.004261058,0.02876214
0.1400608,-0.8846575,9.643845
-0.002130529,-0.004261058,0.02876214
0.1364695,-0.89423436,9.657013
-0.002130529,-0.004261058,0.027696876
0.12330139,-0.90620536,9.635465
-0.003195793,-0.005326322,0.025566347
0.12449849,-0.90381116,9.653421
-0.002130529,-0.002130529,0.024501082
0.1400608,-0.90021986,9.635465
-0.001065265,-0.001065265,0.024501082
0.1400608,-0.90021986,9.635465
-0.001065265,-0.001065265,0.024501082
0.12210429,-0.89064306,9.647436
-0.001065265,0.001065265,0.023435818
0.12330139,-0.8870517,9.655815
0,0.004261058,0.02130529
0.1316811,-0.89064306,9.683349
0,0.007456851,0.020240024
0.12210429,-0.8870517,9.655815
-0.001065265,0.007456851,0.01917476
0.11133038,-0.89184016,9.599552
0,0.006391587,0.018109497
0.090979666,-0.8822633,9.634268
-0.002130529,0.006391587,0.014913702
0.10055647,-0.8810662,9.664195
-0.003195793,0.003195793,0.014913702
0.10534488,-0.8726865,9.635465
-0.002130529,0.003195793,0.012783174
0.088585466,-0.89303726,9.668983
-0.003195793,0.004261058,0.010652645
0.09816227,-0.8870517,9.696517
-0.004261058,0.002130529,0.008522116
0.094570965,-0.8882488,9.64983
-0.003195793,0,0.007456851
0.10055647,-0.90500826,9.665392
-0.003195793,0,0.005326322
0.110133275,-0.90261406,9.68694
-0.002130529,-0.002130529,0.003195793
0.10534488,-0.93972415,9.671378
-0.001065265,-0.001065265,0.003195793
0.11133038,-0.90620536,9.667787
-0.003195793,0,0.002130529
0.11133038,-0.90620536,9.667787
-0.003195793,0,0.002130529
0.108936176,-0.92176765,9.657013
0,0.002130529,0.001065265
0.11492168,-0.91219085,9.618706
0,0.002130529,0
0.1316811,-0.90620536,9.628283
0.001065265,0.001065265,-0.001065265
0.1448492,-0.8762778,9.654618
0,0.001065265,-0.002130529
0.142455,-0.8655039,9.637859
0,0.002130529,-0.003195793
0.130484,-0.8607155,9.665392
-0.001065265,0,-0.003195793
0.1352724,-0.8726865,9.657013
-0.002130529,0,-0.003195793
0.14724341,-0.8798691,9.673772
-0.003195793,0,-0.004261058
0.1400608,-0.8702923,9.642648
-0.004261058,0.001065265,-0.004261058
0.142455,-0.89064306,9.64145
-0.004261058,0.003195793,-0.004261058
0.142455,-0.89064306,9.64145
-0.004261058,0.003195793,-0.004261058
0.12928689,-0.8882488,9.672575
-0.004261058,0.003195793,-0.005326322
0.12569559,-0.89184016,9.633071
-0.003195793,0.004261058,-0.006391587
0.12808979,-0.90859956,9.615114
-0.003195793,0.004261058,-0.007456851
0.110133275,-0.92296475,9.634268
-0.002130529,0.006391587,-0.008522116
0.12808979,-0.91817635,9.643845
-0.002130529,0.007456851,-0.010652645
0.1340753,-0.89184016,9.665392
-0.002130529,0.008522116,-0.010652645
0.12808979,-0.90261406,9.64983
-0.001065265,0.008522116,-0.010652645
0.09816227,-0.91697925,9.606734
-0.001065265,0.005326322,-0.010652645
0.08619126,-0.90021986,9.648633
-0.001065265,0.003195793,-0.011717909
0.11133038,-0.90021986,9.642648
-0.001065265,0.001065265,-0.011717909
0.10414778,-0.89184016,9.651027
0,0.002130529,-0.013848438
0.11252748,-0.90620536,9.652225
0,0.002130529,-0.014913702
0.11133038,-0.90141696,9.647436
0,0.003195793,-0.015978966
0.11133038,-0.8738836,9.657013
-0.003195793,0.004261058,-0.015978966
0.12210429,-0.8810662,9.680955
-0.001065265,0.004261058,-0.013848438
0.1412579,-0.89543146,9.647436
-0.003195793,0.005326322,-0.014913702
0.1412579,-0.89543146,9.647436
-0.003195793,0.005326322,-0.014913702
0.12569559,-0.8702923,9.629479
-0.003195793,0.005326322,-0.017044231
0.11252748,-0.8571242,9.651027
-0.002130529,0.004261058,-0.017044231
0.11252748,-0.89423436,9.642648
-0.001065265,0.003195793,-0.017044231
0.10654198,-0.8834604,9.642648
-0.003195793,0.002130529,-0.015978966
0.10654198,-0.8834604,9.642648
-0.003195793,0.002130529,-0.015978966
0.11731588,-0.8774749,9.664195
-0.004261058,0.004261058,-0.017044231
0.12330139,-0.90141696,9.637859
-0.004261058,0.003195793,-0.017044231
0.1328782,-0.90740246,9.67018
-0.002130529,0.004261058,-0.017044231
0.12330139,-0.90261406,9.657013
-0.003195793,0.004261058,-0.01917476
0.12330139,-0.90261406,9.657013
-0.003195793,0.004261058,-0.01917476
0.12928689,-0.92655605,9.648633
-0.001065265,0.005326322,-0.020240024
0.108936176,-0.93014735,9.674969
0,0.004261058,-0.020240024
0.12808979,-0.90141696,9.667787
0,0.003195793,-0.02130529
0.11492168,-0.90620536,9.659407
-0.001065265,0.004261058,-0.02130529
0.11851298,-0.89543146,9.691729
-0.002130529,0.004261058,-0.02130529
0.12928689,-0.89662856,9.66659
-0.002130529,0.003195793,-0.022370555
0.12569559,-0.90141696,9.639056
-0.001065265,0.004261058,-0.023435818
0.1364695,-0.8870517,9.625888
-0.001065265,0.003195793,-0.025566347
0.1328782,-0.88944596,9.618706
-0.002130529,0.004261058,-0.026631612
0.130484,-0.8858546,9.605537
-0.003195793,0.004261058,-0.025566347
0.1316811,-0.89662856,9.610326
-0.005326322,0.005326322,-0.02876214
0.14604631,-0.89303726,9.630676
-0.005326322,0.005326322,-0.02876214
0.12090719,-0.90021986,9.648633
-0.005326322,0.005326322,-0.029827405
0.12808979,-0.91458505,9.634268
-0.003195793,0.005326322,-0.03195793
0.1400608,-0.89303726,9.631873
-0.004261058,0.005326322,-0.03195793
0.1400608,-0.89303726,9.631873
-0.004261058,0.005326322,-0.03195793
0.11851298,-0.8822633,9.671378
-0.003195793,0.005326322,-0.029827405
0.10654198,-0.89543146,9.653421
-0.002130529,0.008522116,-0.03089267
0.10534488,-0.90620536,9.672575
-0.001065265,0.00958738,-0.033023197
0.11133038,-0.91338795,9.677363
-0.001065265,0.008522116,-0.033023197
0.11133038,-0.91338795,9.677363
-0.001065265,0.008522116,-0.033023197
0.10175357,-0.90141696,9.664195
0,0.008522116,-0.033023197
0.089782566,-0.91338795,9.640253
0,0.010652645,-0.036218993
0.10414778,-0.90261406,9.654618
-0.001065265,0.00958738,-0.036218993
0.093373865,-0.89184016,9.657013
-0.001065265,0.006391587,-0.037284255
0.093373865,-0.89184016,9.657013
-0.001065265,0.006391587,-0.037284255
0.08379706,-0.8882488,9.652225
0,0.007456851,-0.037284255
0.107739076,-0.88944596,9.618706
-0.001065265,0.007456851,-0.037284255
0.09696517,-0.90021986,9.621099
-0.002130529,0.004261058,-0.039414786
0.11971009,-0.89184016,9.664195
-0.002130529,0.003195793,-0.041545313
0.142455,-0.89782566,9.635465
-0.004261058,0.003195793,-0.04261058
0.12210429,-0.90021986,9.634268
-0.003195793,0.003195793,-0.04474111
0.14604631,-0.8870517,9.639056
-0.003195793,0.003195793,-0.043675844
0.1400608,-0.8726865,9.664195
-0.004261058,0.003195793,-0.04474111
0.130484,-0.8750807,9.609129
-0.004261058,0.004261058,-0.04580637
0.1436521,-0.90261406,9.639056
-0.004261058,0.005326322,-0.04580637
0.142455,-0.89782566,9.637859
-0.002130529,0.005326322,-0.046871636
0.142455,-0.89782566,9.637859
-0.002130529,0.005326322,-0.046871636
0.14844051,-0.91099375,9.633071
-0.002130529,0.007456851,-0.0479369
0.1412579,-0.90859956,9.627085
-0.003195793,0.007456851,-0.0479369
0.11971009,-0.8882488,9.625888
-0.002130529,0.007456851,-0.0479369
0.12449849,-0.90021986,9.619903
-0.003195793,0.00958738,-0.05006743
0.14844051,-0.90021986,9.625888
-0.002130529,0.010652645,-0.051132694
0.1400608,-0.90381116,9.634268
-0.002130529,0.011717909,-0.051132694
0.12090719,-0.89303726,9.630676
-0.003195793,0.011717909,-0.051132694
0.10654198,-0.90859956,9.653421
-0.002130529,0.011717909,-0.05219796
0.10654198,-0.90141696,9.655815
-0.002130529,0.011717909,-0.05219796
0.10654198,-0.90141696,9.655815
-0.002130529,0.011717909,-0.05219796
0.08379706,-0.90021986,9.643845
-0.002130529,0.010652645,-0.053263225
0.08379706,-0.88944596,9.64983
-0.002130529,0.011717909,-0.053263225
0.08379706,-0.88944596,9.619903
-0.003195793,0.010652645,-0.05539375
0.094570965,-0.88944596,9.642648
-0.001065265,0.00958738,-0.05539375
0.09816227,-0.89423436,9.603143
-0.001065265,0.008522116,-0.05539375
0.10534488,-0.8882488,9.621099
-0.002130529,0.006391587,-0.056459017
0.107739076,-0.89303726,9.661801
-0.002130529,0.005326322,-0.056459017
0.11851298,-0.89064306,9.652225
-0.001065265,0.005326322,-0.056459017
0.1352724,-0.91099375,9.674969
-0.002130529,0.005326322,-0.05752428
0.12569559,-0.89662856,9.616311
-0.003195793,0.004261058,-0.05752428
0.11611878,-0.91338795,9.633071
-0.004261058,0.005326322,-0.05752428
0.1328782,-0.91338795,9.655815
-0.004261058,0.007456851,-0.058589544
0.1400608,-0.90261406,9.605537
-0.004261058,0.00958738,-0.058589544
0.12928689,-0.89662856,9.639056
-0.004261058,0.00958738,-0.058589544
0.130484,-0.88944596,9.637859
-0.002130529,0.00958738,-0.05965481
0.15203181,-0.89184016,9.654618
-0.002130529,0.008522116,-0.058589544
0.1448492,-0.89782566,9.652225
-0.002130529,0.008522116,-0.058589544
0.14724341,-0.90740246,9.660604
0,0.007456851,-0.058589544
0.14724341,-0.90740246,9.660604
0,0.007456851,-0.058589544
0.17597382,-0.90620536,9.64983
-0.001065265,0.006391587,-0.05752428
0.17357962,-0.90381116,9.661801
-0.001065265,0.006391587,-0.056459017
0.16759412,-0.89782566,9.611523
0,0.008522116,-0.054328486
0.16998832,-0.8846575,9.633071
-0.002130529,0.00958738,-0.054328486
0.16998832,-0.8726865,9.618706
-0.003195793,0.008522116,-0.05219796
0.17597382,-0.8714894,9.643845
-0.005326322,0.00958738,-0.05006743
0.15322891,-0.8690952,9.651027
-0.004261058,0.008522116,-0.0479369
0.14604631,-0.8846575,9.633071
-0.003195793,0.006391587,-0.04580637
0.12689269,-0.88944596,9.64983
-0.002130529,0.007456851,-0.04261058
0.14963761,-0.8798691,9.696517
-0.001065265,0.008522116,-0.041545313
0.15322891,-0.88944596,9.6845455
-0.001065265,0.010652645,-0.039414786
0.15203181,-0.89303726,9.610326
0,0.013848438,-0.036218993
0.1400608,-0.8822633,9.629479
0,0.014913702,-0.03195793
0.1400608,-0.8822633,9.629479
0,0.014913702,-0.03195793
0.12808979,-0.89423436,9.671378
-0.001065265,0.017044231,-0.02876214
0.11971009,-0.8834604,9.65821
-0.002130529,0.014913702,-0.026631612
0.11971009,-0.8834604,9.65821
-0.002130529,0.013848438,-0.025566347
0.1400608,-0.8678981,9.680955
-0.003195793,0.010652645,-0.023435818
0.1400608,-0.8678981,9.680955
-0.003195793,0.010652645,-0.023435818
0.1412579,-0.8774749,9.642648
-0.003195793,0.008522116,-0.02130529
0.1400608,-0.8834604,9.611523
-0.005326322,0.00958738,-0.01917476
0.15442601,-0.8870517,9.629479
-0.006391587,0.008522116,-0.018109497
0.17357962,-0.89902276,9.624691
-0.006391587,0.007456851,-0.013848438
0.16759412,-0.8846575,9.640253
-0.006391587,0.007456851,-0.012783174
0.17717093,-0.90141696,9.64145
-0.005326322,0.007456851,-0.011717909
0.1592144,-0.91338795,9.67018
-0.004261058,0.008522116,-0.00958738
0.1592144,-0.8858546,9.645041
-0.003195793,0.010652645,-0.00958738
0.1592144,-0.8858546,9.645041
-0.003195793,0.010652645,-0.00958738
0.14604631,-0.89662856,9.610326
-0.001065265,0.011717909,-0.007456851
0.14844051,-0.90141696,9.652225
-0.001065265,0.014913702,-0.006391587
0.1328782,-0.89902276,9.647436
-0.003195793,0.015978966,-0.005326322
0.1352724,-0.92655605,9.639056
-0.004261058,0.015978966,-0.004261058
0.1352724,-0.92655605,9.639056
-0.004261058,0.015978966,-0.004261058
0.12449849,-0.91817635,9.654618
-0.003195793,0.015978966,-0.003195793
0.11851298,-0.91099375,9.645041
-0.002130529,0.013848438,-0.003195793
0.09816227,-0.89782566,9.655815
-0.002130529,0.012783174,-0.001065265
0.10055647,-0.878672,9.618706
-0.002130529,0.00958738,0
0.10055647,-0.878672,9.618706
-0.002130529,0.00958738,0
0.12449849,-0.8762778,9.647436
-0.002130529,0.008522116,0
0.12449849,-0.8762778,9.647436
-0.002130529,0.008522116,0
0.12090719,-0.89184016,9.647436
-0.002130529,0.00958738,0
0.10654198,-0.8822633,9.64983
-0.004261058,0.010652645,0.001065265
0.1340753,-0.8762778,9.657013
-0.005326322,0.011717909,0
0.1340753,-0.8762778,9.657013
-0.005326322,0.011717909,0
0.108936176,-0.8738836,9.651027
-0.006391587,0.011717909,-0.001065265
0.1448492,-0.8762778,9.66659
-0.006391587,0.010652645,0
0.12928689,-0.89184016,9.636662
-0.006391587,0.008522116,-0.002130529
0.15083471,-0.89902276,9.662998
-0.007456851,0.007456851,-0.001065265
0.12210429,-0.93134445,9.664195
-0.006391587,0.007456851,-0.001065265
0.1352724,-0.9552865,9.65821
-0.006391587,0.008522116,-0.001065265
0.1412579,-0.91578215,9.673772
-0.007456851,0.008522116,0
0.1340753,-0.91219085,9.642648
-0.004261058,0.00958738,0.001065265
0.1328782,-0.92895025,9.64983
-0.003195793,0.011717909,0.001065265
0.12449849,-0.90979666,9.648633
-0.003195793,0.013848438,0.002130529
0.11252748,-0.88944596,9.685743
0,0.018109497,0.003195793
0.11252748,-0.88944596,9.685743
0,0.018109497,0.003195793
0.10654198,-0.91697925,9.654618
0.002130529,0.01917476,0.003195793
0.09696517,-0.89782566,9.643845
0.002130529,0.018109497,0.002130529
0.09816227,-0.8678981,9.609129
-0.001065265,0.017044231,0.001065265
0.079008654,-0.878672,9.621099
-0.003195793,0.011717909,0.003195793
0.09935937,-0.8571242,9.61272
-0.003195793,0.00958738,0.003195793
0.09935937,-0.8571242,9.61272
-0.003195793,0.00958738,0.003195793
0.08379706,-0.8822633,9.631873
-0.002130529,0.008522116,0.001065265
0.12090719,-0.8738836,9.67856
-0.003195793,0.007456851,0.002130529
0.107739076,-0.8882488,9.671378
-0.003195793,0.005326322,0.003195793
0.11372458,-0.8834604,9.627085
-0.004261058,0.006391587,0.004261058
0.09816227,-0.8798691,9.645041
-0.006391587,0.007456851,0.003195793
0.12330139,-0.8822633,9.659407
-0.007456851,0.00958738,0.004261058
0.10295067,-0.89782566,9.655815
-0.006391587,0.010652645,0.005326322
0.088585466,-0.91099375,9.654618
-0.007456851,0.010652645,0.006391587
0.09935937,-0.91099375,9.667787
-0.006391587,0.00958738,0.006391587
0.089782566,-0.94092125,9.619903
-0.004261058,0.00958738,0.004261058
0.094570965,-0.9516952,9.657013
-0.002130529,0.00958738,0.005326322
0.05626374,-0.93373865,9.698911
-0.001065265,0.00958738,0.007456851
0.05626374,-0.93373865,9.698911
-0.001065265,0.00958738,0.007456851
0.038307227,-0.93134445,9.64983
0,0.014913702,0.006391587
0.075417355,-0.89662856,9.630676
0,0.014913702,0.008522116
0.05746084,-0.91099375,9.580399
-0.003195793,0.013848438,0.007456851
0.03232172,-0.8882488,9.651027
-0.003195793,0.012783174,0.007456851
0.03232172,-0.8882488,9.651027
-0.003195793,0.012783174,0.007456851
0.033518825,-0.88944596,9.623494
-0.002130529,0.010652645,0.007456851
-0.005985504,-0.89662856,9.635465
-0.001065265,0.007456851,0.005326322
0.017956512,-0.8798691,9.657013
0,0.005326322,0.005326322
-0.031124622,-0.878672,9.691729
0.001065265,0.001065265,0.005326322
-0.031124622,-0.878672,9.691729
0.001065265,0.001065265,0.005326322
0.01436521,-0.8643068,9.676167
0.001065265,0.003195793,0.006391587
-0.020350715,-0.8846575,9.682152
0.001065265,0.003195793,0.005326322
0.02633622,-0.8655039,9.657013
0,0.002130529,0.005326322
0.01436521,-0.89662856,9.6845455
-0.003195793,-0.002130529,0.005326322
0.01436521,-0.89662856,9.6845455
-0.003195793,-0.002130529,0.005326322
0.051475335,-0.89423436,9.659407
-0.003195793,-0.003195793,0.004261058
0.08259996,-0.92416185,9.625888
-0.004261058,-0.007456851,0.003195793
0.11372458,-0.91099375,9.613917
-0.007456851,-0.012783174,0.001065265
0.10414778,-0.93852705,9.588778
-0.00958738,-0.018109497,0
0.1388637,-0.92416185,9.595961
-0.00958738,-0.01917476,-0.001065265
0.19871874,-0.94211835,9.600749
-0.010652645,-0.01917476,-0.003195793
0.19512744,-0.94331545,9.629479
-0.007456851,-0.018109497,-0.003195793
0.20470424,-0.90859956,9.659407
-0.004261058,-0.010652645,-0.004261058
0.20470424,-0.90859956,9.659407
-0.004261058,-0.010652645,-0.004261058
0.19393034,-0.92775315,9.697714
-0.001065265,-0.004261058,-0.005326322
0.19033903,-0.92416185,9.65821
0.001065265,0.004261058,-0.003195793
0.18076223,-0.90021986,9.67018
0.004261058,0.010652645,-0.002130529
0.1604115,-0.8858546,9.662998
0.006391587,0.017044231,-0.003195793
0.1604115,-0.8858546,9.662998
0.006391587,0.017044231,-0.003195793
0.15083471,-0.8690952,9.677363
0.007456851,0.02130529,-0.001065265
0.11851298,-0.8655039,9.673772
0.007456851,0.023435818,0
0.089782566,-0.8762778,9.642648
0.005326322,0.020240024,0.001065265
0.090979666,-0.8595184,9.653421
0.003195793,0.015978966,0.001065265
0.090979666,-0.8595184,9.653421
0.003195793,0.015978966,0.001065265
0.07182605,-0.8403648,9.634268
0,0.011717909,0.002130529
0.062249243,-0.8583213,9.628283
-0.003195793,0.005326322,0.001065265
0.06584055,-0.89902276,9.619903
-0.005326322,0.003195793,0.002130529
0.06584055,-0.89902276,9.619903
-0.005326322,0.003195793,0.002130529
0.09816227,-0.93852705,9.594764
-0.006391587,0.001065265,0.002130529
0.005985504,-0.91338795,9.67018
-0.008522116,-0.003195793,0.001065265
0.12330139,-0.8774749,9.712079
-0.005326322,-0.003195793,0.004261058
0.05626374,-0.9744401,9.629479
-0.004261058,0,0.002130529
0.034715924,-0.9624691,9.654618
-0.002130529,-0.001065265,0.002130529
0.11492168,-0.866701,9.685743
-0.002130529,0.002130529,0.005326322
0.008379706,-0.91219085,9.635465
0,0.008522116,0.003195793
0.092176765,-0.92895025,9.631873
0.001065265,0.00958738,0.002130529
0.07062895,-0.8834604,9.636662
0.001065265,0.006391587,0.002130529
0.074220255,-0.88944596,9.665392
0.003195793,0.007456851,0.002130529
0.055066638,-0.93373865,9.593566
0.002130529,0.005326322,0.002130529
0.110133275,-0.8822633,9.624691
0.002130529,-0.001065265,0.001065265
0.110133275,-0.8822633,9.624691
0.002130529,-0.001065265,0.001065265
0.10534488,-0.866701,9.640253
0,-0.003195793,0
0.108936176,-0.8738836,9.61272
-0.001065265,-0.003195793,0.001065265
0.108936176,-0.8738836,9.61272
-0.001065265,-0.003195793,0.001065265
0.10055647,-0.89543146,9.66659
-0.005326322,-0.003195793,0
0.12330139,-0.8583213,9.680955
-0.004261058,-0.002130529,-0.001065265
0.11372458,-0.8774749,9.631873
-0.005326322,-0.002130529,-0.001065265
0.11252748,-0.91338795,9.581595
-0.004261058,-0.001065265,0
0.108936176,-0.89902276,9.665392
-0.006391587,0,0
0.130484,-0.89662856,9.668983
-0.005326322,0,-0.001065265
0.130484,-0.89662856,9.668983
-0.005326322,0,-0.001065265
0.11731588,-0.94451255,9.642648
-0.003195793,0,0
0.12330139,-0.91458505,9.653421
-0.004261058,0.002130529,0
0.12210429,-0.91458505,9.648633
-0.002130529,0.003195793,0.001065265
0.11731588,-0.91937345,9.630676
0,0.003195793,0.001065265
0.09935937,-0.92296475,9.657013
0.001065265,0.004261058,0.001065265
0.092176765,-0.91099375,9.65821
0.003195793,0.006391587,0.001065265
0.092176765,-0.91099375,9.65821
0.003195793,0.006391587,0.001065265
0.08140286,-0.8858546,9.642648
0.001065265,0.006391587,0.001065265
0.077811554,-0.90381116,9.642648
0.002130529,0.008522116,0.001065265
0.090979666,-0.90859956,9.637859
0.002130529,0.005326322,0.002130529
0.095768064,-0.8798691,9.639056
0,0.005326322,0.003195793
0.094570965,-0.8822633,9.609129
0.001065265,0.005326322,0.002130529
0.075417355,-0.8726865,9.646238
0,0.003195793,0.002130529
0.077811554,-0.8726865,9.655815
-0.001065265,0.003195793,0.002130529
0.08738836,-0.8798691,9.636662
-0.002130529,0.002130529,0.002130529
0.08738836,-0.89902276,9.640253
-0.003195793,0.002130529,0.001065265
0.08738836,-0.89902276,9.640253
-0.003195793,0.002130529,0.001065265
0.077811554,-0.89902276,9.634268
-0.004261058,-0.001065265,0.002130529
0.094570965,-0.92535895,9.61272
-0.004261058,-0.002130529,0.002130529
0.11252748,-0.90500826,9.637859
-0.005326322,-0.002130529,0.003195793
0.10534488,-0.92057055,9.630676
-0.004261058,-0.001065265,0.002130529
0.10055647,-0.93014735,9.646238
-0.004261058,-0.002130529,0.003195793
0.11372458,-0.90620536,9.668983
-0.001065265,-0.001065265,0.002130529
0.11611878,-0.91697925,9.651027
-0.001065265,0,0.002130529
0.10534488,-0.91578215,9.648633
0.001065265,0,0.003195793
0.108936176,-0.89064306,9.64983
0.002130529,0.002130529,0.004261058
0.08379706,-0.90141696,9.664195
0.003195793,0.002130529,0.005326322
0.11611878,-0.88944596,9.662998
0.002130529,0.003195793,0.006391587
0.107739076,-0.89662856,9.628283
0.001065265,0.006391587,0.005326322
0.12569559,-0.89423436,9.65821
0.001065265,0.006391587,0.007456851
0.10534488,-0.8678981,9.65821
0.001065265,0.005326322,0.007456851
0.092176765,-0.8882488,9.642648
-0.001065265,0.004261058,0.007456851
0.09696517,-0.8882488,9.618706
-0.002130529,0.002130529,0.007456851
0.095768064,-0.8882488,9.615114
-0.002130529,0.001065265,0.007456851
0.11851298,-0.8774749,9.610326
-0.002130529,-0.001065265,0.006391587
0.090979666,-0.89064306,9.685743
-0.003195793,-0.001065265,0.007456851
0.095768064,-0.91099375,9.654618
-0.003195793,0,0.008522116
0.09816227,-0.92895025,9.637859
-0.002130529,-0.001065265,0.008522116
0.090979666,-0.90859956,9.676167
-0.003195793,-0.001065265,0.010652645
0.093373865,-0.92775315,9.645041
-0.003195793,0,0.011717909
0.09816227,-0.94331545,9.618706
-0.002130529,0,0.011717909
0.090979666,-0.92176765,9.627085
-0.001065265,0,0.012783174
0.10414778,-0.92416185,9.611523
0,0,0.014913702
0.11971009,-0.89064306,9.662998
0.002130529,-0.001065265,0.017044231
0.10295067,-0.89423436,9.640253
0.003195793,0.001065265,0.017044231
0.108936176,-0.89423436,9.643845
0.003195793,0.001065265,0.017044231
0.107739076,-0.8678981,9.637859
0.003195793,0.001065265,0.01917476
0.107739076,-0.8678981,9.637859
0.003195793,0.001065265,0.01917476
0.09816227,-0.8511387,9.598354
0.003195793,0,0.020240024
0.11133038,-0.8595184,9.630676
0.001065265,0.001065265,0.020240024
0.11133038,-0.8595184,9.630676
0.001065265,0.001065265,0.020240024
0.094570965,-0.8750807,9.657013
0,0,0.020240024
0.094570965,-0.8750807,9.657013
0,0,0.020240024
0.09935937,-0.8619126,9.615114
-0.001065265,0.001065265,0.02130529
0.08140286,-0.8774749,9.625888
-0.003195793,0,0.02130529
0.088585466,-0.90500826,9.667787
-0.003195793,0,0.023435818
0.088585466,-0.90500826,9.667787
-0.003195793,0,0.023435818
0.090979666,-0.8810662,9.660604
-0.002130529,-0.001065265,0.024501082
0.090979666,-0.8810662,9.660604
-0.002130529,-0.001065265,0.024501082
0.08499416,-0.91219085,9.627085
-0.001065265,0,0.025566347
0.090979666,-0.92176765,9.630676
0,-0.001065265,0.025566347
0.10414778,-0.89902276,9.672575
0,0,0.027696876
0.10414778,-0.89902276,9.672575
0,0,0.027696876
0.09816227,-0.92176765,9.66659
0.001065265,0.001065265,0.027696876
0.090979666,-0.91099375,9.657013
0.002130529,0.002130529,0.027696876
0.08738836,-0.90620536,9.651027
0.002130529,0,0.027696876
0.094570965,-0.8834604,9.604341
0.001065265,0.001065265,0.027696876
0.10414778,-0.8678981,9.640253
0.002130529,0.001065265,0.027696876
0.10295067,-0.8714894,9.651027
0.001065265,0,0.027696876
0.08379706,-0.8750807,9.659407
-0.001065265,-0.002130529,0.02876214
0.095768064,-0.8702923,9.645041
-0.001065265,0,0.02876214
0.095768064,-0.8702923,9.645041
-0.001065265,0,0.02876214
0.093373865,-0.8858546,9.647436
0,0,0.027696876
0.1436521,-0.90620536,9.642648
-0.001065265,-0.002130529,0.026631612
0.074220255,-0.91937345,9.630676
-0.001065265,-0.007456851,0.02876214
0.10414778,-0.8595184,9.664195
-0.002130529,-0.007456851,0.029827405
0.10414778,-0.8595184,9.664195
-0.002130529,-0.007456851,0.029827405
0.15083471,-0.91099375,9.837775
0.001065265,-0.002130529,0.03089267
0.29927522,-0.9504981,10.207679
0.012783174,0.040480047,0.029827405
0.33279404,-1.0857705,10.327389
0.051132694,0.14594123,0.02876214
0.33279404,-1.0857705,10.327389
0.051132694,0.14594123,0.02876214
0.20590134,-1.0462662,10.485406
0.16085494,0.35153726,0.066046394
0.20590134,-1.0462662,10.485406
0.16085494,0.35153726,0.066046394
0.1592144,-0.93732995,10.647015
0.20879184,0.45593318,0.0777643
0.1592144,-0.93732995,10.647015
0.20879184,0.45593318,0.0777643
-0.06464344,-0.9911995,10.490194
0.25033715,0.5219796,0.07989483
-0.1436521,-0.9528923,10.125079
0.27057716,0.5230448,0.083090626
-0.092176765,-0.7745243,9.745598
0.26525086,0.50387007,0.082025364
-0.073023155,-0.62009823,9.309854
0.24074976,0.49002165,0.0777643
-0.21308395,-0.61291564,8.819042
0.2034655,0.479369,0.07456851
-0.21308395,-0.61291564,8.819042
0.2034655,0.479369,0.07456851
-0.3842694,-0.6404489,8.546103
0.15233281,0.4495416,0.07882957
-0.59017074,-0.7433996,8.455123
0.101200126,0.3834952,0.08948222
-0.7577648,-0.78170687,8.572439
0.054328486,0.2876214,0.10652645
-0.81522566,-0.81402856,8.740033
0.01917476,0.17896444,0.12783173
-0.81043726,-0.8379706,8.926781
-0.007456851,0.07456851,0.15659387
-0.7398083,-0.91099375,9.114726
-0.03089267,-0.008522116,0.18855181
-0.2813187,-0.94092125,8.921992
-0.05965481,-0.0958738,0.2130529
-0.11971009,-0.59017074,8.784326
-0.10226539,-0.2609898,0.19600865
0.020350715,-0.25378537,8.507795
-0.15020229,-0.47830373,0.1470065
0.31124622,-0.260968,7.9152308
-0.21092236,-0.660464,0.082025364
0.58657944,-0.35553896,7.4615297
-0.29614353,-0.8085357,0.01917476
0.5422867,-0.4237737,7.690176
-0.39414784,-0.9331717,-0.037284255
0.5422867,-0.4237737,7.690176
-0.39414784,-0.9331717,-0.037284255
0.20231004,-1.1025299,13.089101
-0.48043427,-0.9757822,-0.07456851
0.6548142,-1.9835961,15.002068
-0.3270362,-0.78296936,-0.06498113
0.91099375,-2.184709,13.496115
-0.094808534,-0.479369,-0.040480047
0.9876082,-1.2892777,10.951078
0.0777643,-0.14274544,0.002130529
0.6572084,-0.51595044,9.078813
0.14168017,0.17044231,0.043675844
0.32680854,-0.44651863,8.342596
0.12783173,0.4346279,0.07882957
0.33039984,-0.7553706,8.599973
0.084155895,0.59761333,0.10546118
-0.14963761,-1.0737995,9.700109
0.06391586,0.60933125,0.10759171
-0.49919105,-1.1707647,10.534488
0.0958738,0.48682585,0.101200126
-0.49081135,-0.997185,10.406398
0.15446335,0.29188246,0.08735169
-0.3172317,-0.7493851,9.586384
0.18855181,0.10226539,0.06178534
-0.3172317,-0.7493851,9.586384
0.18855181,0.10226539,0.06178534
-0.035913024,-0.5590461,8.555679
0.16192019,-0.04261058,0.037284255
0.108936176,-0.44532153,7.81228
0.070307456,-0.14168017,0.026631612
0.1316811,-0.38187516,7.608773
-0.06178534,-0.1917476,0.024501082
0.16280572,-0.50278234,8.124723
-0.19600865,-0.20240025,0.02130529
0.16280572,-0.50278234,8.124723
-0.19600865,-0.20240025,0.02130529
-0.008379706,-0.85473,9.630676
-0.27803403,-0.20879184,0.010652645
-0.007182605,-1.2761095,11.519701
-0.26738137,-0.21944448,0.007456851
0.18914193,-1.5813702,12.173319
-0.15978967,-0.18855181,0.011717909
0.24779987,-1.4257472,11.080365
-0.025566347,-0.098004326,0.022370555
0.16280572,-0.866701,9.555259
0.068176925,0.003195793,0.039414786
0.31244332,-0.59136784,8.554482
0.10013486,0.10652645,0.05539375
0.16519992,-0.7134721,8.37013
0.094808534,0.20240025,0.056459017
-0.17357962,-0.9684546,9.160215
0.08628642,0.20133498,0.056459017
-0.17357962,-0.9684546,9.160215
0.08628642,0.20133498,0.056459017
-0.04189853,-0.94690675,10.532093
0.12463594,0.060720075,0.04580637
-0.04189853,-0.94690675,10.532093
0.12463594,0.060720075,0.04580637
0.08379706,-0.8750807,10.044873
0.13422333,0.036218993,0.033023197
0.23822308,-0.7673417,9.436746
0.10546118,0.05006743,0.033023197
0.11252748,-0.7015011,9.204509
0.0479369,0.08522116,0.039414786
0.017956512,-0.724246,9.358934
-0.004261058,0.10439592,0.043675844
-0.055066638,-0.8511387,9.700109
-0.034088463,0.099069595,0.03834952
-0.022744916,-0.9888053,9.957485
-0.035153728,0.084155895,0.02876214
0.016759412,-0.9828198,10.006566
-0.017044231,0.06498113,0.02876214
0.061052144,-0.8834604,9.9550905
0.003195793,0.06498113,0.03089267
0.07182605,-0.82360536,9.725247
0.014913702,0.08522116,0.03195793
0.007182605,-0.8475474,9.570822
0.011717909,0.10013486,0.029827405
-0.044292733,-0.90141696,9.36492
-0.003195793,0.09267801,0.02876214
-0.48123455,-0.8846575,9.26197
-0.02130529,0,0.022370555
-0.22744916,-0.7278373,8.917204
-0.04261058,-0.1438107,0.011717909
-0.046686932,-0.6847417,8.598776
-0.07563378,-0.257794,-0.00958738
0.1400608,-0.8726865,9.349358
-0.14274544,-0.3834952,-0.020240024
0.1376666,-1.0103531,10.33936
-0.1438107,-0.37390783,-0.020240024
0.29688102,-1.1540052,10.813412
-0.10546118,-0.30466563,-0.017044231
0.30166942,-1.2186487,10.629059
-0.037284255,-0.2034655,-0.010652645
0.38187516,-1.0666169,10.207679
0.025566347,-0.09161274,0.006391587
0.36870706,-0.90740246,9.82341
0.060720075,0.041545313,0.022370555
0.21188685,-0.8726865,9.522937
0.07243799,0.1555286,0.033023197
0.08379706,-0.8559271,9.498995
0.07243799,0.19068234,0.041545313
0.001197101,-0.8343793,9.526528
0.06391586,0.16192019,0.03834952
-0.027533319,-0.79726917,9.489418
0.05006743,0.10865697,0.023435818
0.061052144,-0.7637503,9.3421755
0.029827405,0.046871636,0.012783174
0.061052144,-0.7637503,9.3421755
0.029827405,0.046871636,0.012783174
0.11133038,-0.760159,9.339781
0.002130529,0.005326322,0.00958738
0.1400608,-0.81761986,9.43914
-0.02130529,-0.005326322,0.010652645
0.1352724,-0.89064306,9.709685
-0.03195793,0.001065265,0.011717909
0.10175357,-0.94211835,9.85214
-0.025566347,0.007456851,0.011717909
0.08259996,-0.9744401,9.825804
-0.002130529,0.00958738,0.012783174
0.059855044,-0.9792285,9.671378
0.02130529,0.002130529,0.011717909
0.053869538,-0.90500826,9.489418
0.03834952,-0.013848438,0.011717909
0.062249243,-0.8858546,9.416395
0.040480047,-0.029827405,0.010652645
0.062249243,-0.8858546,9.416395
0.040480047,-0.029827405,0.010652645
0.092176765,-0.8571242,9.496601
0.029827405,-0.03834952,0.00958738
0.077811554,-0.8774749,9.640253
0.014913702,-0.03834952,0.00958738
0.088585466,-0.8822633,9.685743
-0.002130529,-0.036218993,0.008522116
0.031124622,-0.8619126,9.64145
-0.010652645,-0.03834952,0.007456851
0.031124622,-0.8619126,9.64145
-0.010652645,-0.03834952,0.007456851
0.06584055,-0.8643068,9.532514
-0.015978966,-0.04261058,0.004261058
0.017956512,-0.8559271,9.508572
-0.017044231,-0.054328486,0.002130529
0.017956512,-0.8559271,9.508572
-0.017044231,-0.054328486,0.002130529
0.09935937,-0.89662856,9.591172
-0.010652645,-0.070307456,0.004261058
0.08259996,-0.8559271,9.665392
-0.006391587,-0.07137272,0.005326322
0.08259996,-0.8559271,9.665392
-0.006391587,-0.07137272,0.005326322
0.094570965,-0.8571242,9.66659
0.001065265,-0.066046394,0.006391587
0.001197101,-0.8343793,9.615114
0.006391587,-0.07350325,0.007456851
0.1328782,-0.79487497,9.55885
0.005326322,-0.07989483,0.006391587
0.093373865,-0.8643068,9.580399
0.002130529,-0.07563378,0.001065265
0.1388637,-0.8822633,9.634268
0.006391587,-0.07669904,0.006391587
0.12090719,-0.91937345,9.7863
0.013848438,-0.07882957,0.010652645
0.11851298,-0.91578215,9.794679
0.01917476,-0.06924219,0.012783174
0.08259996,-0.8487445,9.685743
0.02130529,-0.06178534,0.014913702
0.14844051,-0.81402856,9.434352
0.015978966,-0.06178534,0.015978966
0.18674773,-0.8571242,9.564836
0.008522116,-0.07563378,0.00958738
0.21428105,-0.92775315,9.635465
0.007456851,-0.070307456,-0.002130529
-0.021547815,-0.88944596,9.520543
0.018109497,-0.08735169,-0.005326322
0.23223756,-0.8631097,9.481039
0.03195793,-0.11930962,-0.014913702
0.19871874,-0.93732995,9.467871
0.039414786,-0.1257012,-0.029827405
0.16879122,-0.92775315,9.520543
0.04261058,-0.13848437,-0.018109497
0.15203181,-0.80086046,9.677363
0.04580637,-0.15020229,-0.00958738
0.34237084,-0.82240826,9.655815
0.054328486,-0.13848437,-0.033023197
0.32680854,-0.7733272,9.734824
0.05965481,-0.112918034,-0.027696876
0.32680854,-0.7733272,9.734824
0.05965481,-0.112918034,-0.027696876
0.19871874,-0.6955156,9.700109
0.060720075,-0.084155895,-0.012783174
0.2621651,-0.56982,9.679757
0.056459017,-0.060720075,-0.012783174
0.10175357,-0.39624038,9.454702
0.04580637,-0.0479369,-0.026631612
0.027533319,-0.1412579,9.554062
0.041545313,-0.07350325,-0.049002163
-0.12330139,0.05746084,9.7803135
0.04261058,-0.10546118,-0.07243799
-0.1352724,0.2705448,9.97185
0.03834952,-0.12037488,-0.09054748
-0.095768064,0.5446809,10.035296
0.024501082,-0.0958738,-0.099069595
-0.06823475,0.9828198,10.087969
0.008522116,-0.051132694,-0.096939065
-0.06823475,0.9828198,10.087969
0.008522116,-0.051132694,-0.096939065
-0.06703765,1.7154455,10.371682
0.03089267,-0.008522116,-0.084155895
0.17717093,1.8100165,10.380061
0.06391586,0.004261058,-0.07669904
0.37110126,2.043451,10.16578
0.08948222,0.043675844,-0.0777643
0.37110126,2.043451,10.16578
0.08948222,0.043675844,-0.0777643
0.5279215,2.2409728,10.133459
0.10865697,0.06498113,-0.099069595
1.0893618,3.0921116,10.821792
0.20772657,0.12996227,-0.2396845
1.1719618,3.040636,9.900024
0.27483824,0.17257284,-0.34621096
1.0534488,3.0669725,9.564836
0.28336033,0.16192019,-0.47830373
0.760159,2.5139117,9.655815
0.25353295,0.15659387,-0.60933125
0.40821138,3.122039,10.097546
0.21944448,0.18322548,-0.69668293
-0.1352724,3.1004913,10.296265
0.23009712,0.18748654,-0.76912093
-0.46088383,2.9580362,10.135853
0.26418558,0.18535602,-0.8223842
-0.6691794,2.9400797,9.987412
0.2876214,0.19387813,-0.8628642
-0.5781997,3.1830912,10.005369
0.28868666,0.2130529,-0.8852348
-0.91458505,3.1352072,10.115502
0.2908172,0.24820662,-0.8809737
-1.2258313,3.0454245,10.251971
0.30253512,0.27057716,-0.8426242
-1.2258313,3.0454245,10.251971
0.30253512,0.27057716,-0.8426242
-1.4700398,2.9257145,10.126276
0.32384038,0.28655612,-0.78296936
-1.1480197,3.5218706,10.281899
0.33981937,0.2972088,-0.72437984
-0.9696517,3.774459,10.427945
0.36645097,0.32384038,-0.6828345
-0.90261406,3.964798,10.642226
0.4111921,0.3355583,-0.6402239
-1.1839328,3.8869865,10.876859
0.4708469,0.32384038,-0.5944176
-1.3587095,3.728969,10.656591
0.5368933,0.31638354,-0.551807
-1.2413936,3.6463692,10.333375
0.58909124,0.314253,-0.5028048
-1.1803415,3.4596214,9.767146
0.6114618,0.3270362,-0.45593318
-1.2725182,3.3123782,9.698911
0.6135923,0.34088463,-0.40373522
-1.0630256,2.885013,10.104729
0.624245,0.33129725,-0.3536678
-1.0307038,2.597709,10.769119
0.6625945,0.3206446,-0.3174488
-0.9552865,2.2637177,11.068395
0.7339672,0.3153183,-0.27696875
-0.9744401,1.8890251,11.279084
0.83516735,0.30679616,-0.221575
-0.9660604,1.8686744,11.314998
0.94488955,0.30786142,-0.14487597
-0.8714894,1.7501614,10.740389
1.0450244,0.29827404,-0.0777643
-0.5410896,1.7190368,9.783905
1.1004182,0.29507825,-0.022370555
-0.4177882,1.6663644,9.181764
1.0940266,0.3057309,0.027696876
-0.19991584,1.34195,9.323022
1.0375676,0.30253512,0.06391586
-0.25737667,1.1755531,9.878476
0.98110855,0.294013,0.10226539
-0.29688102,1.0522517,10.25676
0.95660746,0.26844665,0.14274544
-0.29688102,1.0522517,10.25676
0.95660746,0.26844665,0.14274544
-0.38187516,0.8655039,9.85214
0.95128113,0.25033715,0.18642128
-0.29328972,0.78888947,9.743204
0.9395633,0.23435818,0.24501082
-0.2885013,0.49919105,9.700109
0.91825795,0.2034655,0.30999196
-0.30645782,0.19393034,9.591172
0.8809737,0.1768339,0.35260254
-0.48243165,0.18555063,9.355343
0.8266452,0.16085494,0.4133226
-0.2885013,0.38307226,9.7563715
0.7765778,0.12783173,0.46978164
-0.25258827,0.5434838,10.2735195
0.7488809,0.11611383,0.52837116
-0.021547815,0.4429273,10.248381
0.74248934,0.10865697,0.5901565
0.2908955,0.2801216,9.900024
0.7350325,0.10226539,0.62317973
0.61411273,0.12689269,9.799467
0.70200926,0.09267801,0.6380934
0.79966336,0.061052144,9.293094
0.6487461,0.082025364,0.6327671
0.8714894,0,9.180567
0.5773733,0.060720075,0.62104917
0.92416185,-0.06703765,9.445126
0.49641323,0.035153728,0.58483016
0.81881696,-0.3866636,9.811439
0.43888897,0.012783174,0.5475459
0.60094464,-0.60812724,10.029311
0.39840892,0.012783174,0.5251754
0.39264908,-0.82240826,9.892841
0.37603834,0.014913702,0.51665324
0.22984336,-1.22224,9.598354
0.36645097,-0.00958738,0.5113269
-0.16639702,-1.4915876,9.1590185
0.3355583,-0.013848438,0.535828
-0.2633622,-1.8794483,8.827422
0.27377295,-0.015978966,0.59122175
-0.075417355,-1.9812019,9.26197
0.20026971,-0.040480047,0.6487461
0.16280572,-1.7741034,9.647436
0.14913702,-0.05965481,0.6892261
0.003591303,-1.614889,9.8677025
0.12783173,-0.08948222,0.7073356
0.034715924,-1.5191209,9.514558
0.11717909,-0.09374327,0.7073356
0.035913024,-1.2126632,9.384073
0.08628642,-0.082025364,0.72437984
0.30526072,-0.7649474,9.844957
0.051132694,-0.09374327,0.7456851
0.5303157,-0.6835446,9.91798
0.029827405,-0.10439592,0.75101143
0.78050977,-0.19273324,9.842564
0.004261058,-0.10652645,0.737163
0.60214174,-0.075417355,9.598354
-0.01917476,-0.10226539,0.70200926
0.60214174,-0.075417355,9.598354
-0.01917476,-0.10226539,0.70200926
0.6392518,-0.37469256,9.246407
-0.05219796,-0.094808534,0.64341974
0.6619968,-0.32561144,8.943541
-0.10652645,-0.060720075,0.59228706
0.3866636,-0.11372458,9.352949
-0.16618125,-0.039414786,0.5496765
0.22505496,-0.18315643,9.6845455
-0.1917476,-0.054328486,0.49641323
0.020350715,0.19871874,9.652225
-0.19387813,-0.041545313,0.44208476
0.08020575,-0.2741361,9.475053
-0.19600865,-0.008522116,0.386691
0.10055647,-0.2621651,9.138668
-0.21837921,0.04474111,0.33981937
-0.07182605,-0.2657564,8.944737
-0.24714136,0.07137272,0.29507825
-0.07182605,-0.2657564,8.944737
-0.24714136,0.07137272,0.29507825
-0.25737667,-0.40102878,9.583989
-0.2908172,0.046871636,0.23648871
-0.25737667,-0.40102878,9.583989
-0.2908172,0.046871636,0.23648871
-0.14963761,0.009576807,9.8198185
-0.28336033,0.0479369,0.23648871
-0.23104046,0.046686932,9.836577
-0.257794,0.043675844,0.23435818
-0.2873042,0.2669535,9.539697
-0.23329292,0.046871636,0.24074976
-0.30765492,-0.2789245,9.197326
-0.22583607,0.03089267,0.2428803
-0.33877954,-0.2861071,9.160215
-0.24607609,0.040480047,0.2545982
-0.40940848,-0.25258827,9.106346
-0.27377295,0.033023197,0.26525086
-0.40940848,-0.25258827,9.106346
-0.27377295,0.033023197,0.26525086
-0.5650316,0.12330139,9.26556
-0.2790993,0.003195793,0.27377295
-0.50637364,-0.077811554,9.355343
-0.27483824,-0.033023197,0.28016454
-0.736217,-0.34955344,9.31943
-0.28655612,-0.02876214,0.29188246
-0.61291564,-0.40222588,9.412804
-0.314253,-0.00958738,0.30999196
-0.61291564,-0.40222588,9.412804
-0.314253,-0.00958738,0.30999196
-0.6464345,-0.14604631,9.221268
-0.34408042,-0.001065265,0.33981937
-0.4201824,-0.16639702,9.13388
-0.36005938,-0.05219796,0.35899413
-0.62847793,-0.107739076,9.2787285
-0.3749731,-0.082025364,0.37603834
-0.41299978,0.001197101,9.566033
-0.39627838,-0.083090626,0.39521313
-0.41299978,0.001197101,9.566033
-0.39627838,-0.083090626,0.39521313
0.17238252,-0.055066638,9.712079
-0.4133226,-0.07989483,0.37923414
0.17238252,-0.055066638,9.712079
-0.4133226,-0.07989483,0.37923414
0.46926352,-0.33638534,9.725247
-0.4079963,-0.08948222,0.36218992
0.557849,-0.40701428,10.075998
-0.40266997,-0.10439592,0.330232
0.6392518,0.03232172,10.041282
-0.38029942,-0.111852765,0.294013
0.62967503,0.045489833,10.441113
-0.33662358,-0.14168017,0.25672874
0.48003745,-0.11252748,10.404003
-0.29294774,-0.14807177,0.23435818
0.61291564,-0.01436521,10.387244
-0.25033715,-0.16937704,0.20453078
0.61291564,-0.01436521,10.387244
-0.25033715,-0.16937704,0.20453078
0.088585466,0.21188685,10.526108
-0.20026971,-0.18002969,0.16937704
-0.010773907,0.19632454,10.2495775
-0.14487597,-0.17789917,0.1438107
-0.001197101,-0.12689269,10.366894
-0.096939065,-0.15020229,0.14061491
0.047884032,0.10055647,9.630676
-0.07350325,-0.0958738,0.15446335
-0.035913024,-0.1364695,9.455899
-0.06178534,-0.11504856,0.15233281
-0.01316811,0.108936176,9.333796
-0.06711166,-0.13315806,0.128897
0.09696517,0.29688102,9.266758
-0.08522116,-0.11824436,0.101200126
0.09696517,0.5781997,9.15423
-0.10546118,-0.080960095,0.07137272
-0.22266077,0.33997664,9.339781
-0.1257012,-0.0628506,0.03834952
-0.20350714,0.45250413,9.382876
-0.14594123,-0.05965481,0.014913702
0.19153613,0.7266402,9.859323
-0.14807177,-0.06178534,0.004261058
0.08619126,0.59256494,9.952697
-0.14061491,-0.04580637,-0.00958738
0.08619126,0.59256494,9.952697
-0.14061491,-0.04580637,-0.00958738
0.17597382,1.0187328,10.198102
-0.12144015,-0.0479369,-0.036218993
0.09816227,1.009156,10.268731
-0.084155895,-0.036218993,-0.07989483
-0.001197101,1.0785879,10.364499
-0.03834952,-0.017044231,-0.12144015
-0.12689269,1.472434,10.548853
0.010652645,0.003195793,-0.15233281
-0.142455,1.353921,10.584765
0.06924219,0.018109497,-0.18216023
-0.2645593,1.3802572,10.515334
0.13528858,0.025566347,-0.20026971
-0.41060558,1.4030021,10.254366
0.1949434,0.026631612,-0.2130529
-0.41060558,1.4030021,10.254366
0.1949434,0.026631612,-0.2130529
-0.4249708,1.6304513,10.234015
0.24501082,0.02876214,-0.2247708
-0.50158525,1.4209588,10.061633
0.28655612,0.039414786,-0.23009712
-0.8702923,1.8148049,9.568427
0.3153183,0.06924219,-0.23116238
-0.92775315,1.5682021,9.753978
0.33449304,0.053263225,-0.23648871
-0.8810662,1.5729905,9.728839
0.34514567,0.0628506,-0.24181503
-0.80684596,1.6352397,9.338584
0.36005938,0.098004326,-0.23116238
-0.9995792,1.6484078,9.029732
0.36645097,0.08628642,-0.20985709
-0.8678981,1.5179238,9.211691
0.36645097,0.046871636,-0.20026971
-1.1348516,1.6065093,8.792706
0.35260254,0.07137272,-0.165116
-1.2234371,1.5873557,8.578424
0.32170987,0.0479369,-0.12996227
-1.0067618,1.4903905,8.700529
0.2876214,0.036218993,-0.10226539
-0.9768343,1.6136919,8.47308
0.25566345,0.041545313,-0.07137272
-0.8810662,1.5514427,8.631097
0.22583607,0.01917476,-0.03834952
-1.1252748,1.5598224,8.732851
0.19600865,0,-0.006391587
-1.1875241,1.578976,9.269152
0.17576863,-0.039414786,0.026631612
-1.0426749,1.3838485,9.471462
0.17789917,-0.034088463,0.06711166
-0.80325466,1.3036429,9.594764
0.18642128,-0.003195793,0.096939065
-0.6380547,1.1755531,9.394848
0.21092236,0.046871636,0.11504856
-0.7565677,1.0259154,9.138668
0.23435818,0.053263225,0.13102753
-0.2813187,1.0737995,9.123106
0.23861924,0.025566347,0.112918034
-0.51235914,1.3359646,8.479065
0.23222765,0.04261058,0.10013486
-0.7577648,1.3239936,8.377312
0.20240025,0.011717909,0.09161274
-0.6859388,1.2006922,8.346188
0.15446335,0.00958738,0.08735169
-0.79008657,1.2090719,8.198944
0.099069595,0.027696876,0.11717909
-1.0271125,1.0510546,8.261193
0.04474111,-0.008522116,0.15020229
-1.067814,1.0175357,8.186973
-0.002130529,-0.040480047,0.17150758
-1.0450691,0.878672,7.893683
-0.037284255,-0.043675844,0.19707392
-1.1360487,0.8714894,8.021772
-0.068176925,-0.066046394,0.2396845
-0.90859956,0.7757214,8.433576
-0.09267801,-0.11611383,0.26312032
-1.2078748,0.35553896,8.443152
-0.05965481,-0.16298546,0.294013
-1.2078748,0.35553896,8.443152
-0.05965481,-0.16298546,0.294013
-1.555034,0.15203181,7.8972745
-0.037284255,-0.19387813,0.31638354
-1.555034,0.15203181,7.8972745
-0.037284255,-0.19387813,0.31638354
-1.8411411,-0.011971008,7.27957
-0.036218993,-0.22370553,0.36964676
-2.1188686,-0.17836803,6.8366427
-0.066046394,-0.25353295,0.45486793
-2.183512,-0.20111294,6.4583592
-0.12463594,-0.25566345,0.5635249
-1.70946,-0.46208093,3.5529952
-0.23542345,-0.24607609,0.67324716
-0.8439561,-0.3172317,-0.090979666
-0.5997439,-0.18642128,0.7488809
-0.18914193,0.1436521,-0.7422025
-1.1792477,-0.10652645,0.777643
-0.34715924,-0.12569559,1.7980455
-1.6969663,-0.14594123,0.7850999
-1.3227965,-0.8283938,6.0226145
-2.026133,-0.19600865,0.7797736
-2.1571758,-0.90141696,8.639477
-2.1273332,-0.111852765,0.8021441
-2.3307555,-0.5374983,9.337387
-2.0485036,-0.046871636,0.850081
-2.148796,0.02873042,8.644265
-1.9110844,-0.008522116,0.87990844
-1.6208745,0.4297592,6.884527
-1.8237327,0.040480047,0.9044095
-1.2258313,0.4345476,5.2804117
-1.8322549,0.06178534,0.9086706
-0.8559271,0.45130703,4.619612
-1.929194,0.0777643,0.8863
-0.4369418,0.93373865,4.497508
-2.102832,0.13102753,0.83942837
-0.08619126,1.5227122,5.365406
-2.2690134,0.17150758,0.73822826
-0.3184288,1.6232687,6.7360864
-2.3446472,0.19813919,0.59228706
-0.6619968,1.2066777,7.410054
-2.3371902,0.30466563,0.45380265
-1.0342951,0.6596026,7.314286
-2.2732744,0.4293016,0.3472762
-1.1228806,0.40821138,6.870162
-2.1816616,0.4857606,0.28442562
-1.4281414,0.3854665,7.265205
-2.0836573,0.4825648,0.25672874
-1.4281414,0.3854665,7.265205
-2.0836573,0.4825648,0.25672874
-1.6986861,0.45848963,8.492233
-1.9451729,0.46978164,0.2727077
-2.0123265,0.6919243,10.867282
-1.6820526,0.4346279,0.31638354
-1.8148049,1.316811,14.8033495
-1.2197278,0.4101268,0.3717773
-1.5227122,1.6687586,20.095732
-0.4314321,0.41438788,0.38775626
-1.958457,0.7589619,23.834278
0.79042625,0.3920173,0.33662358
-3.9815574,-2.0745757,25.118767
2.372344,0.21092236,0.25992453
-5.6886234,-4.260482,21.14559
4.077832,-0.027696876,0.2908172
-5.485116,-3.5434184,10.146626
5.326322,0.0479369,0.4878911
-1.5622166,-0.545878,-12.066776
5.528723,0.28549087,0.9076053
-1.5622166,-0.545878,-12.066776
5.528723,0.28549087,0.9076053
-0.18435353,-0.6871359,-17.620127
4.676511,0.2609898,0.9598033
0.027533319,-1.5873557,-20.242975
3.3971283,0.30679616,0.94488955
-0.6727707,-2.5270798,-19.80723
1.9313245,0.37923414,0.9438243
-1.9644425,-3.3913867,-16.299725
0.52624065,0.41971418,1.0141318
-3.3722332,-3.9336734,-10.820595
-0.6327671,0.4048005,1.1909657
-4.4675803,-4.1479545,-4.5441947
-1.4231933,0.2908172,1.4583471
-4.531027,-3.6355953,0.748188
-1.8333201,0.12463594,1.7832527
-3.3183637,-2.5187001,4.5741224
-1.9281287,-0.07456851,2.1007016
-1.3479356,-1.1097125,6.8653736
-1.8109496,-0.25992453,2.3457124
0.4285621,0.2717419,8.093599
-1.591505,-0.38562572,2.4650218
0.4285621,0.2717419,8.093599
-1.591505,-0.38562572,2.4650218
1.5131354,1.3790601,8.118738
-1.3741912,-0.4101268,2.461826
2.0817583,1.9692309,7.94037
-1.2314457,-0.36112466,2.3584955
2.0817583,1.9692309,7.94037
-1.2314457,-0.36112466,2.3584955
2.741361,1.055843,7.6770077
-1.3060142,-0.080960095,1.9792614
2.741361,1.055843,7.6770077
-1.3060142,-0.080960095,1.9792614
2.2996306,0.16879122,8.133103
-1.5137408,0.058589544,1.7278589
1.0055647,-0.81761986,9.629479
-1.8098843,0.17576863,1.4924355
-0.61171854,-1.6484078,11.939884
-2.1667478,0.27377295,1.3315805
-1.7010803,-2.0147207,14.640543
-2.530003,0.33768883,1.2644689
-1.851915,-1.7657237,17.77216
-2.835734,0.33129725,1.2676647
-1.3347675,-1.0965444,21.32276
-3.0583742,0.26738137,1.3070794
-0.4381389,-0.23343466,24.959553
-3.1872714,0.18855181,1.3518206
-0.4381389,-0.23343466,24.959553
-3.1872714,0.18855181,1.3518206
0.6895301,0.6931214,28.473043
-3.222425,0.08841695,1.3752564
1.7154455,1.7944542,31.90154
-3.1446607,-0.039414786,1.3432984
2.3989902,2.9879637,34.979286
-2.9337382,-0.165116,1.2452941
2.755726,4.1156325,37.48003
-2.57794,-0.24607609,1.0833739
2.755726,4.1156325,37.48003
-2.57794,-0.24607609,1.0833739
2.7389667,4.9296613,39.209843
-2.0964406,-0.27057716,0.8724516
2.042254,5.151125,39.225403
-0.902279,-0.17896444,0.39521313
1.5023615,4.2102036,39.225403
-0.26631612,-0.101200126,0.1736381
0.9995792,2.64679,38.271313
0.33129725,-0.002130529,-0.023435818
0.9995792,2.64679,38.271313
0.33129725,-0.002130529,-0.023435818
0.6452374,0.93134445,36.061466
0.8490158,0.101200126,-0.1949434
0.10295067,-0.79008657,33.233913
1.2804478,0.17044231,-0.33449304
-0.6799533,-2.19668,30.324959
1.6170714,0.20879184,-0.40586576
-1.4401124,-3.4823663,27.384878
1.8578212,0.22370553,-0.38562572
-1.8435353,-4.64116,24.521414
2.0112193,0.19813919,-0.28229508
-1.721431,-5.5820813,22.024261
2.086853,0.1107875,-0.128897
-1.3335704,-6.1746464,19.89821
2.0932446,-0.011717909,0.03834952
-1.021127,-6.4020953,18.113333
2.0453076,-0.14274544,0.21092236
-1.021127,-6.4020953,18.113333
2.0453076,-0.14274544,0.21092236
-0.8343793,-6.3182983,16.721106
1.9547603,-0.27696875,0.38775626
-0.36152446,-5.9783216,15.636531
1.8311896,-0.40586576,0.5635249
0.05746084,-5.628768,15.02601
1.695901,-0.5251754,0.72651035
0.545878,-5.390545,14.368801
1.5563514,-0.61891866,0.8671253
1.1671734,-5.2923827,13.941437
1.4221281,-0.7137272,0.98856544
2.0087352,-5.2145715,13.6254015
1.3060142,-0.793622,1.087635
2.8766334,-5.005079,13.230358
1.2080098,-0.8490158,1.144094
3.608062,-4.5992613,12.85806
1.1206582,-0.8990832,1.1451592
3.608062,-4.5992613,12.85806
1.1206582,-0.8990832,1.1451592
4.0617633,-4.110844,12.595895
1.0333065,-0.94808537,1.1004182
4.3766007,-3.6260185,12.254722
0.9374327,-0.97045594,1.0290455
5.04578,-3.3411086,11.713632
0.8309063,-0.9598033,0.9395633
4.950012,-2.9616275,11.294646
0.7073356,-0.9331717,0.8032094
4.747702,-2.6144683,10.9834
0.57098174,-0.89162636,0.64555025
4.5022964,-2.4049757,11.034876
0.44528055,-0.8628642,0.48469532
4.3263226,-2.2864625,11.36767
0.34621096,-0.83516735,0.33662358
4.3263226,-2.2864625,11.36767
0.34621096,-0.83516735,0.33662358
4.405331,-2.2840683,11.518504
0.28868666,-0.7616641,0.20453078
5.1666875,-2.5330653,11.307815
0.30999196,-0.5028048,-0.10972224
4.033033,-2.1871033,10.965444
0.38136467,-0.3568636,-0.3153183
2.110489,-2.0530279,10.42196
0.4889564,-0.30679616,-0.48149952
0.21547815,-2.2972364,10.172963
0.6178534,-0.35153726,-0.535828
-0.8607155,-2.5737667,10.09156
0.7584683,-0.4048005,-0.4708469
-1.1815386,-2.5821466,9.740809
0.9086706,-0.40373522,-0.33768883
-1.0953473,-2.4540567,9.01417
1.067395,-0.37071204,-0.20133498
-0.78649527,-2.420538,8.100781
1.2303804,-0.3653857,-0.09161274
-0.29927522,-2.5450363,7.2352777
1.3901701,-0.4079963,-0.012783174
0.31364042,-2.6120741,6.563704
1.5361114,-0.46339005,0.039414786
0.866701,-2.4193408,5.919664
1.6522251,-0.5049353,0.05539375
1.2294226,-2.0410569,5.231331
1.7267936,-0.531567,0.035153728
1.377863,-1.7561469,4.6902413
1.7491642,-0.5422196,-0.012783174
1.0714053,-1.5622166,4.212598
1.7172064,-0.53476274,-0.05965481
0.5566519,-1.4425066,3.8965633
1.6266588,-0.51026165,-0.07882957
0.5566519,-1.4425066,3.8965633
1.6266588,-0.51026165,-0.07882957
0.045489833,-1.271321,3.539827
1.5020229,-0.46871635,-0.06391586
-0.2885013,-1.0606314,3.3135753
1.3582122,-0.43036684,-0.026631612
-0.4333505,-0.8487445,3.1723173
1.2112057,-0.4016047,0.015978966
-0.50876784,-0.7015011,3.1232362
1.0705907,-0.38029942,0.051132694
-0.5530606,-0.6679823,3.2309752
0.9406285,-0.37284255,0.07669904
-0.59735334,-0.6607997,3.4404678
0.8245147,-0.36645097,0.09267801
-0.59735334,-0.6607997,3.4404678
0.8245147,-0.36645097,0.09267801
-0.7410054,-0.5351041,3.892972
0.62104917,-0.34408042,0.113983296
-0.6572084,-0.40701428,4.201824
0.5400891,-0.31957933,0.12250541
-0.50757074,-0.19512744,4.495114
0.47404268,-0.26312032,0.12676647
-0.33997664,0.02633622,4.6471453
0.42184472,-0.18216023,0.12144015
-0.22266077,0.16879122,4.745308
0.37816888,-0.094808534,0.10226539
-0.22266077,0.16879122,4.745308
0.37816888,-0.094808534,0.10226539
-0.15682021,0.18794483,4.7201686
0.3387541,-0.011717909,0.080960095
-0.12090719,0.21906945,4.662708
0.28975195,0.060720075,0.0628506
-0.12090719,0.21906945,4.662708
0.28975195,0.060720075,0.0628506
-0.1364695,0.16160862,4.569334
0.2396845,0.10333065,0.046871636
-0.25498247,-0.001197101,4.582502
0.18961707,0.111852765,0.036218993
-0.25498247,-0.001197101,4.582502
0.18961707,0.111852765,0.036218993
-0.61052144,-0.3866636,4.5765166
0.09374327,0.049002163,0.037284255
-0.78529817,-0.45968673,4.665102
0.056459017,0.003195793,0.058589544
-0.9756372,-0.51475334,4.72376
0.026631612,-0.041545313,0.098004326
-1.1611878,-0.5291186,4.7620673
0.001065265,-0.084155895,0.15339808
-1.22224,-0.4333505,4.796783
-0.024501082,-0.13209279,0.22264028
-0.9504981,-0.33399114,4.88896
-0.049002163,-0.18855181,0.294013
-0.35314476,-0.17597382,5.067328
-0.07563378,-0.25353295,0.35579833
0.3854665,0.025139118,5.3462524
-0.0958738,-0.3121225,0.3920173
1.0103531,0.21906945,5.685032
-0.112918034,-0.350472,0.39627838
1.3838485,0.32800564,5.9280434
-0.12357068,-0.36218992,0.37071204
1.5394717,0.4141969,6.203377
-0.13528858,-0.35153726,0.32490566
1.5394717,0.4141969,6.203377
-0.13528858,-0.35153726,0.32490566
1.5263035,0.41299978,6.4906807
-0.14487597,-0.32490566,0.2695119
1.4700398,0.45370123,6.7360864
-0.14913702,-0.28975195,0.21518342
1.30484,0.39743748,7.023391
-0.14913702,-0.24927188,0.15978967
1.0773908,0.25258827,7.358579
-0.1470065,-0.19281286,0.10759171
1.0773908,0.25258827,7.358579
-0.1470065,-0.19281286,0.10759171
0.7661445,0.08738836,7.6363063
-0.1438107,-0.10865697,0.06498113
0.47884035,0.031124622,7.7608047
-0.1438107,-0.002130529,0.035153728
0.17118542,0.073023155,7.860164
-0.14487597,0.099069595,0.012783174
-0.11971009,0.1400608,8.01459
-0.1470065,0.17896444,-0.005326322
-0.36631286,0.17836803,8.117541
-0.15126756,0.2396845,-0.013848438
-0.47644615,0.19752164,8.318654
-0.15339808,0.28655612,-0.012783174
-0.37588966,0.17717093,8.552089
-0.15339808,0.3270362,0.002130529
-0.16639702,0.11372458,8.759187
-0.14807177,0.3653857,0.015978966
-0.16639702,0.11372458,8.759187
-0.14807177,0.3653857,0.015978966
0.25977087,-0.1388637,8.920795
-0.11717909,0.4048005,0.017044231
0.25977087,-0.1388637,8.920795
-0.11717909,0.4048005,0.017044231
0.34356794,-0.35194764,8.965088
-0.0958738,0.39521313,-0.003195793
0.2896984,-0.5494693,9.012972
-0.07350325,0.36645097,-0.029827405
0.2896984,-0.5494693,9.012972
-0.07350325,0.36645097,-0.029827405
0.15203181,-0.7254431,8.986636
-0.046871636,0.32170987,-0.049002163
-0.031124622,-0.78410107,8.9279785
-0.014913702,0.26525086,-0.054328486
-0.30765492,-0.81881696,8.866926
0.018109497,0.1949434,-0.046871636
-0.5626374,-0.8655039,8.842984
0.0479369,0.12037488,-0.027696876
-0.5626374,-0.8655039,8.842984
0.0479369,0.12037488,-0.027696876
-0.82121116,-0.94451255,8.866926
0.07456851,0.05006743,0.006391587
-0.8822633,-0.997185,8.896853
0.09054748,-0.004261058,0.05219796
-0.80804306,-0.9780314,8.99741
0.099069595,-0.035153728,0.098004326
-0.62608373,-0.92775315,9.100361
0.10333065,-0.041545313,0.13528858
-0.62608373,-0.92775315,9.100361
0.10333065,-0.041545313,0.13528858
-0.4369418,-0.90740246,9.169792
0.10759171,-0.025566347,0.1587244
-0.19273324,-0.91578215,9.259575
0.11717909,0,0.16405073
0.08738836,-0.9768343,9.368511
0.12996227,0.029827405,0.1555286
0.37469256,-1.0390835,9.414001
0.14168017,0.06498113,0.13102753
0.545878,-1.0247183,9.459491
0.15233281,0.101200126,0.08948222
0.5303157,-0.9780314,9.458294
0.16192019,0.13848437,0.039414786
0.25977087,-0.997185,9.423578
0.17470337,0.1736381,-0.011717909
-0.15562311,-1.021127,9.340978
0.18642128,0.20240025,-0.049002163
-0.49081135,-0.9888053,9.272743
0.1949434,0.22903186,-0.06178534
-0.60214174,-0.9660604,9.232041
0.19387813,0.24927188,-0.049002163
-0.58538234,-0.93732995,9.095572
0.18748654,0.26418558,-0.024501082
-0.59615624,-0.89064306,8.884883
0.17044231,0.26738137,0.002130529
-0.6584055,-0.8559271,8.7292595
0.14913702,0.2514024,0.02876214
-0.6464345,-0.8367735,8.742428
0.12250541,0.21198763,0.060720075
-0.557849,-0.79607207,8.790312
0.09267801,0.17150758,0.10013486
-0.35314476,-0.7230489,8.771158
0.066046394,0.13848437,0.13741912
-0.35314476,-0.7230489,8.771158
0.066046394,0.13848437,0.13741912
-0.17597382,-0.6691794,8.731653
0.041545313,0.10759171,0.165116
-0.093373865,-0.6380547,8.735245
0.023435818,0.068176925,0.18322548
-0.007182605,-0.58897364,8.892065
0.004261058,0.034088463,0.19600865
0.1340753,-0.5554548,9.052477
-0.011717909,0.020240024,0.2034655
0.2825158,-0.5770026,9.096769
-0.022370555,0.022370555,0.20453078
0.32202014,-0.6655881,9.143456
-0.026631612,0.029827405,0.1949434
0.35793316,-0.8690952,8.89446
-0.026631612,0.033023197,0.18642128
0.7302315,-0.878672,7.2687964
-0.0479369,0.098004326,0.18429075
0.8403648,-0.770933,6.7372837
-0.15020229,0.20453078,0.17044231
0.6727707,-0.82121116,7.321469
-0.28655612,0.22264028,0.13954964
0.7278373,-0.90979666,7.499837
-0.41864893,0.20772657,0.12250541
0.89902276,-0.90620536,7.536947
-0.5603291,0.22690132,0.1257012
0.92895025,-0.9576807,8.1343
-0.69348717,0.23009712,0.12783173
0.8607155,-1.0522517,9.088389
-0.7861652,0.18855181,0.113983296
0.82719666,-1.1563994,10.013748
-0.82557994,0.13528858,0.098004326
0.7625532,-1.2449849,10.857705
-0.81066626,0.094808534,0.08735169
0.59256494,-1.2988545,11.575965
-0.7435546,0.053263225,0.07989483
0.3184288,-1.364695,12.179304
-0.628506,0.008522116,0.0777643
-0.04070143,-1.4293385,12.537237
-0.48149952,-0.025566347,0.07989483
-0.45250413,-1.6663644,12.606669
-0.31851408,-0.046871636,0.098004326
-0.45250413,-1.6663644,12.606669
-0.31851408,-0.046871636,0.098004326
-0.6907272,-1.8531121,12.364855
-0.15659387,-0.058589544,0.1257012
-0.7038953,-1.8986019,11.950658
-0.00958738,-0.05965481,0.15978967
-0.61052144,-1.8962077,11.553221
0.10652645,-0.053263225,0.19387813
-0.47405192,-1.8016368,11.066
0.18322548,-0.041545313,0.221575
-0.19512744,-1.7788919,10.490194
0.22050974,-0.03089267,0.24181503
